id,gender
3294,campur
3295,campur
3296,campur
3297,campur
3298,campur
3299,campur
3300,campur
3301,campur
3302,campur
3303,campur
3304,campur
3305,campur
3306,campur
3307,campur
3308,campur
3309,campur
3310,campur
3311,campur
3312,campur
3313,campur
3314,campur
3315,campur
3316,campur
3317,campur
3318,campur
3319,campur
3320,campur
3321,campur
3322,campur
3323,campur
3324,campur
3325,campur
3326,campur
3327,campur
3328,campur
3329,campur
3330,campur
3331,campur
3332,campur
3333,campur
3334,campur
3335,campur
3336,campur
3337,campur
3338,campur
3339,campur
3340,campur
3341,campur
3342,campur
3343,campur
3344,campur
3345,campur
3346,campur
3347,campur
3348,campur
3349,campur
3350,campur
3351,campur
3352,campur
3353,campur
3354,campur
3355,campur
3356,campur
3357,campur
3358,campur
3359,campur
3360,campur
3361,campur
3362,campur
3363,campur
3364,campur
3365,campur
3366,campur
3367,campur
3368,campur
3369,campur
3370,campur
3371,campur
3372,campur
3373,campur
3374,campur
3375,campur
3376,campur
3377,campur
3378,campur
3379,campur
3380,campur
3381,campur
3382,campur
3383,campur
3384,campur
3385,campur
3386,campur
3387,campur
3388,campur
3389,campur
3390,campur
3391,campur
3392,campur
3393,campur
3394,campur
3395,campur
3396,campur
3397,campur
3398,campur
3399,campur
3400,campur
3401,campur
3402,campur
3403,campur
3404,campur
3405,campur
3406,campur
3407,campur
3408,campur
3409,campur
3410,campur
3411,campur
3412,campur
3413,campur
3414,campur
3415,campur
3416,campur
3417,campur
3418,campur
3419,campur
3420,campur
3421,campur
3422,campur
3423,campur
3424,campur
3425,campur
3426,campur
3427,campur
3428,campur
3429,campur
3430,campur
3431,campur
3432,campur
3433,campur
3434,campur
3435,campur
3436,campur
3437,campur
3438,campur
3439,campur
3440,campur
3441,campur
3442,campur
3443,campur
3444,campur
3445,campur
3446,campur
3447,campur
3448,campur
3449,campur
3450,campur
3451,campur
3452,campur
3453,campur
3454,campur
3455,campur
3456,campur
3457,campur
3458,campur
3459,campur
3460,campur
3461,campur
3462,campur
3463,campur
3464,campur
3465,campur
3466,campur
3467,campur
3468,campur
3469,campur
3470,campur
3471,campur
3472,campur
3473,campur
3474,campur
3475,campur
3476,campur
3477,campur
3478,campur
3479,campur
3480,campur
3481,campur
3482,campur
3483,campur
3484,campur
3485,campur
3486,campur
3487,campur
3488,campur
3489,campur
3490,campur
3491,campur
3492,campur
3493,campur
3494,campur
3495,campur
3496,campur
3497,campur
3498,campur
3499,campur
3500,campur
3501,campur
3502,campur
3503,campur
3504,campur
3505,campur
3506,campur
3507,campur
3508,campur
3509,campur
3510,campur
3511,campur
3512,campur
3513,campur
3514,campur
3515,campur
3516,campur
3517,campur
3518,campur
3519,campur
3520,campur
3521,campur
3522,campur
3523,campur
3524,campur
3525,campur
3526,campur
3527,campur
3528,campur
3529,campur
3530,campur
3531,campur
3532,campur
3533,campur
3534,campur
3535,campur
3536,campur
3537,campur
3538,campur
3539,campur
3540,campur
3541,campur
3542,campur
3543,campur
3544,campur
3545,campur
3546,campur
3547,campur
3548,campur
3549,campur
3550,campur
3551,campur
3552,campur
3553,campur
3554,campur
3555,campur
3556,campur
3557,campur
3558,campur
3559,campur
3560,campur
3561,campur
3562,campur
3563,campur
3564,campur
3565,campur
3566,campur
3567,campur
3568,campur
3569,campur
3570,campur
3571,campur
3572,campur
3573,campur
3574,campur
3575,campur
3576,campur
3577,campur
3578,campur
3579,campur
3580,campur
3581,campur
3582,campur
3583,campur
3584,campur
3585,campur
3586,campur
3587,campur
3588,campur
3589,campur
3590,campur
3591,campur
3592,campur
3593,campur
3594,campur
3595,campur
3596,campur
3597,campur
3598,campur
3599,campur
3600,campur
3601,campur
3602,campur
3603,campur
3604,campur
3605,campur
3606,campur
3607,campur
3608,campur
3609,campur
3610,campur
3611,campur
3612,campur
3613,campur
3614,campur
3615,campur
3616,campur
3617,campur
3618,campur
3619,campur
3620,campur
3621,campur
3622,campur
3623,campur
3624,campur
3625,campur
3626,campur
3627,campur
3628,campur
3629,campur
3630,campur
3631,campur
3632,campur
3633,campur
3634,campur
3635,campur
3636,campur
3637,campur
3638,campur
3639,campur
3640,campur
3641,campur
3642,campur
3643,campur
3644,campur
3645,campur
3646,campur
3647,campur
3648,campur
3649,campur
3650,campur
3651,campur
3652,campur
3653,campur
3654,campur
3655,campur
3656,campur
3657,campur
3658,campur
3659,campur
3660,campur
3661,campur
3662,campur
3663,campur
3664,campur
3665,campur
3666,campur
3667,campur
3668,campur
3669,campur
3670,campur
3671,campur
3672,campur
3673,campur
3674,campur
3675,campur
3676,campur
3677,campur
3678,campur
3679,campur
3680,campur
3681,campur
3682,campur
3683,campur
3684,campur
3685,campur
3686,campur
3687,campur
3688,campur
3689,campur
3690,campur
3691,campur
3692,campur
3693,campur
3694,campur
3695,campur
3696,campur
3697,campur
3698,campur
3699,campur
3700,campur
3701,campur
3702,campur
3703,campur
3704,campur
3705,campur
3706,campur
3707,campur
3708,campur
3709,campur
3710,campur
3711,campur
3712,campur
3713,campur
3714,campur
3715,campur
3716,campur
3717,campur
3718,campur
3719,campur
3720,campur
3721,campur
3722,campur
3723,campur
3724,campur
3725,campur
3726,campur
3727,campur
3728,campur
3729,campur
3730,campur
3731,campur
3732,campur
3733,campur
3734,campur
3735,campur
3736,campur
3737,campur
3738,campur
3739,campur
3740,campur
3741,campur
3742,campur
3743,campur
3744,campur
3745,campur
3746,campur
3747,campur
3748,campur
3749,campur
3750,campur
3751,campur
3752,campur
3753,campur
3754,campur
3755,campur
3756,campur
3757,campur
3758,campur
3759,campur
3760,campur
3761,campur
3762,campur
3763,campur
3764,campur
3765,campur
3766,campur
3767,campur
3768,campur
3769,campur
3770,campur
3771,campur
3772,campur
3773,campur
3774,campur
3775,campur
3776,campur
3777,campur
3778,campur
3779,campur
3780,campur
3781,campur
3782,campur
3783,campur
3784,campur
3785,campur
3786,campur
3787,campur
3788,campur
3789,campur
3790,campur
3791,campur
3792,campur
3793,campur
3794,campur
3795,campur
3796,campur
3797,campur
3798,campur
3799,campur
3800,campur
3801,campur
3802,campur
3803,campur
3804,campur
3805,campur
3806,campur
3807,campur
3808,campur
3809,campur
3810,campur
3811,campur
3812,campur
3813,campur
3814,campur
3815,campur
3816,campur
3817,campur
3818,campur
3819,campur
3820,campur
3821,campur
3822,campur
3823,campur
3824,campur
3825,campur
3826,campur
3827,campur
3828,campur
3829,campur
3830,campur
3831,campur
3832,campur
3833,campur
3834,campur
3835,campur
3836,campur
3837,campur
3838,campur
3839,campur
3840,campur
3841,campur
3842,campur
3843,campur
3844,campur
3845,campur
3846,campur
3847,campur
3848,campur
3849,campur
3850,campur
3851,campur
3852,campur
3853,campur
3854,campur
3855,campur
3856,campur
3857,campur
3858,campur
3859,campur
3860,campur
3861,campur
3862,campur
3863,campur
3864,campur
3865,campur
3866,campur
3867,campur
3868,campur
3869,campur
3870,campur
3871,campur
3872,campur
3873,campur
3874,campur
3875,campur
3876,campur
3877,campur
3878,campur
3879,campur
3880,campur
3881,campur
3882,campur
3883,campur
3884,campur
3885,campur
3886,campur
3887,campur
3888,campur
3889,campur
3890,campur
3891,campur
3892,campur
3893,campur
3894,campur
3895,campur
3896,campur
3897,campur
3898,campur
3899,campur
3900,campur
3901,campur
3902,campur
3903,campur
3904,campur
3905,campur
3906,campur
3907,campur
3908,campur
3909,campur
3910,campur
3911,campur
3912,campur
3913,campur
3914,campur
3915,campur
3916,campur
3917,campur
3918,campur
3919,campur
3920,campur
3921,campur
3922,campur
3923,campur
3924,campur
3925,campur
3926,campur
3927,campur
3928,campur
3929,campur
3930,campur
3931,campur
3932,campur
3933,campur
3934,campur
3935,campur
3936,campur
3937,campur
3938,campur
3939,campur
3940,campur
3941,campur
3942,campur
3943,campur
3944,campur
3945,campur
3946,campur
3947,campur
3948,campur
3949,campur
3950,campur
3951,campur
3952,campur
3953,campur
3954,campur
3955,campur
3956,campur
3957,campur
3958,campur
3959,campur
3960,campur
3961,campur
3962,campur
3963,campur
3964,campur
3965,campur
3966,campur
3967,campur
3968,campur
3969,campur
3970,campur
3971,campur
3972,campur
3973,campur
3974,campur
3975,campur
3976,campur
3977,campur
3978,campur
3979,campur
3980,campur
3981,campur
3982,campur
3983,campur
3984,campur
3985,campur
3986,campur
3987,campur
3988,campur
3989,campur
3990,campur
3991,campur
3992,campur
3993,campur
3994,campur
3995,campur
3996,campur
3997,campur
3998,campur
3999,campur
4000,campur
4001,campur
4002,campur
4003,campur
4004,campur
4005,campur
4006,campur
4007,campur
4008,campur
4009,campur
4010,campur
4011,campur
4012,campur
4013,campur
4014,campur
4015,campur
4016,campur
4017,campur
4018,campur
4019,campur
4020,campur
4021,campur
4022,campur
4023,campur
4024,campur
4025,campur
4026,campur
4027,campur
4028,campur
4029,campur
4030,campur
4031,campur
4032,campur
4033,campur
4034,campur
4035,campur
4036,campur
4037,campur
4038,campur
4039,campur
4040,campur
4041,campur
4042,campur
4043,campur
4044,campur
4045,campur
4046,campur
4047,campur
4048,campur
4049,campur
4050,campur
4051,campur
4052,campur
4053,campur
4054,campur
4055,campur
4056,campur
4057,campur
4058,campur
4059,campur
4060,campur
4061,campur
4062,campur
4063,campur
4064,campur
4065,campur
4066,campur
4067,campur
4068,campur
4069,campur
4070,campur
4071,campur
4072,campur
4073,campur
4074,campur
4075,campur
4076,campur
4077,campur
4078,campur
4079,campur
4080,campur
4081,campur
4082,campur
4083,campur
4084,campur
4085,campur
4086,campur
4087,campur
4088,campur
4089,campur
4090,campur
4091,campur
4092,campur
4093,campur
4094,campur
4095,campur
4096,campur
4097,campur
4098,campur
4099,campur
4100,campur
4101,campur
4102,campur
4103,campur
4104,campur
4105,campur
4106,campur
4107,campur
4108,campur
4109,campur
4110,campur
4111,campur
4112,campur
4113,campur
4114,campur
4115,campur
4116,campur
4117,campur
