fac_1,fac_2,fac_3,fac_4,fac_5,fac_6,fac_7,fac_8,poi_1,poi_2,poi_3,size,price_monthly,room_count,total_call,gender
0.0,1.0,0.0,0.0,0.0,1.0,0.0,1.0,1489.0,8566.0,3146.0,13.5,750000.0,8.0,10,0
0.0,0.0,0.0,0.0,0.0,0.0,0.0,1.0,2185.0,8655.0,2192.0,12.0,600000.0,3.0,11,-1
0.0,0.0,0.0,1.0,1.0,0.0,0.0,0.0,3204.0,9604.0,5538.0,9.0,550000.0,1.0,7,0
0.0,1.0,1.0,0.0,0.0,1.0,0.0,0.0,8677.0,1373.0,9510.0,9.0,500000.0,5.0,17,1
0.0,0.0,0.0,0.0,0.0,0.0,0.0,0.0,1834.0,10303.0,628.0,9.0,450000.0,16.0,17,-1
0.0,0.0,0.0,0.0,0.0,0.0,0.0,0.0,4681.0,5386.0,5566.0,9.0,320000.0,3.0,13,1
0.0,0.0,0.0,0.0,0.0,0.0,0.0,1.0,2008.0,9268.0,1570.0,9.0,500000.0,8.0,10,1
0.0,0.0,0.0,0.0,0.0,0.0,0.0,1.0,4283.0,5794.0,5165.0,9.0,300000.0,10.0,32,-1
0.0,0.0,1.0,1.0,1.0,0.0,0.0,0.0,970.0,10454.0,1387.0,9.0,550000.0,14.0,13,-1
0.0,1.0,0.0,0.0,1.0,0.0,0.0,0.0,5430.0,15345.0,4755.0,25.0,900000.0,8.0,3,-1
0.0,0.0,0.0,0.0,0.0,0.0,0.0,0.0,2795.0,11501.0,685.0,9.0,400000.0,20.0,16,-1
0.0,0.0,0.0,1.0,0.0,0.0,0.0,0.0,2480.0,11774.0,1090.0,9.0,450000.0,3.0,15,-1
0.0,1.0,1.0,1.0,1.0,0.0,0.0,0.0,2903.0,8643.0,2263.0,9.0,800000.0,10.0,25,-1
1.0,1.0,1.0,1.0,1.0,0.0,0.0,0.0,3597.0,6489.0,4912.0,12.0,1500000.0,16.0,101,0
0.0,0.0,0.0,0.0,0.0,0.0,0.0,0.0,5824.0,14888.0,4118.0,16.0,500000.0,11.0,15,1
1.0,1.0,1.0,1.0,1.0,1.0,0.0,1.0,1542.0,8785.0,2340.0,9.0,1750000.0,22.0,4,-1
0.0,1.0,0.0,1.0,1.0,0.0,0.0,1.0,3785.0,11762.0,1465.0,9.0,475000.0,6.0,194,1
0.0,1.0,1.0,1.0,1.0,1.0,0.0,1.0,4621.0,12802.0,2407.0,9.0,800000.0,11.0,68,-1
0.0,0.0,0.0,1.0,1.0,0.0,0.0,1.0,7850.0,17039.0,9013.0,12.25,550000.0,2.0,3,1
0.0,0.0,0.0,0.0,0.0,0.0,0.0,1.0,6763.0,6719.0,6014.0,7.5,350000.0,8.0,7,-1
0.0,0.0,0.0,1.0,0.0,1.0,0.0,0.0,6206.0,15780.0,4962.0,12.0,450000.0,9.0,18,-1
0.0,1.0,1.0,1.0,1.0,1.0,0.0,1.0,3538.0,8746.0,2492.0,14.0,801000.0,7.0,33,-1
1.0,0.0,1.0,1.0,1.0,0.0,0.0,0.0,10471.0,513.0,11180.0,9.0,1350000.0,4.0,1,1
0.0,1.0,1.0,1.0,1.0,0.0,0.0,1.0,5504.0,7593.0,4582.0,9.0,900000.0,1.0,1,-1
0.0,1.0,0.0,1.0,1.0,1.0,0.0,1.0,2625.0,9410.0,1507.0,7.5,365000.0,26.0,10,-1
0.0,0.0,1.0,1.0,1.0,0.0,0.0,1.0,7593.0,16754.0,5988.0,12.0,450000.0,7.0,169,-1
0.0,1.0,0.0,0.0,0.0,1.0,0.0,1.0,8868.0,17625.0,10220.0,12.0,500000.0,8.0,164,0
0.0,1.0,0.0,1.0,1.0,0.0,0.0,0.0,3564.0,6666.0,4208.0,12.0,850000.0,17.0,22,1
1.0,1.0,1.0,1.0,1.0,1.0,0.0,0.0,2807.0,7496.0,3401.0,12.0,1250000.0,16.0,26,-1
0.0,1.0,1.0,1.0,1.0,1.0,0.0,1.0,2958.0,7736.0,4920.0,14.0,1000000.0,2.0,39,1
1.0,1.0,1.0,1.0,1.0,1.0,0.0,1.0,1755.0,8327.0,3438.0,32.0,2800000.0,14.0,9,0
1.0,1.0,1.0,1.0,1.0,1.0,0.0,1.0,6083.0,15579.0,7152.0,12.0,600000.0,20.0,224,-1
1.0,1.0,1.0,1.0,1.0,1.0,0.0,1.0,1471.0,9731.0,1289.0,30.0,2500000.0,1.0,5,-1
0.0,1.0,0.0,0.0,0.0,0.0,0.0,0.0,6638.0,16671.0,6718.0,12.0,650000.0,2.0,9,1
0.0,0.0,0.0,0.0,0.0,0.0,0.0,0.0,3431.0,7193.0,3634.0,9.0,450000.0,5.0,20,1
0.0,1.0,1.0,1.0,0.0,0.0,0.0,0.0,5286.0,15304.0,4959.0,10.5,600000.0,10.0,64,-1
1.0,1.0,0.0,1.0,1.0,1.0,0.0,1.0,2130.0,8768.0,2079.0,24.0,2500000.0,13.0,18,0
0.0,0.0,0.0,0.0,0.0,0.0,0.0,1.0,3281.0,12540.0,4960.0,9.0,600000.0,17.0,5,-1
0.0,1.0,1.0,1.0,1.0,1.0,0.0,1.0,3299.0,8416.0,5508.0,12.0,1000000.0,7.0,30,1
1.0,1.0,1.0,1.0,1.0,1.0,0.0,1.0,1489.0,8566.0,3146.0,12.0,1600000.0,34.0,34,0
1.0,1.0,0.0,1.0,1.0,0.0,0.0,0.0,5339.0,15289.0,5841.0,9.0,1200000.0,5.0,29,0
0.0,1.0,1.0,1.0,1.0,1.0,0.0,1.0,4495.0,5739.0,5099.0,12.0,700000.0,8.0,51,-1
0.0,0.0,0.0,0.0,0.0,0.0,0.0,1.0,5488.0,15089.0,6518.0,9.0,350000.0,5.0,12,1
1.0,1.0,0.0,1.0,1.0,0.0,0.0,1.0,1093.0,10573.0,1293.0,22.5,1500000.0,1.0,8,0
0.0,1.0,1.0,1.0,1.0,0.0,0.0,0.0,4493.0,13968.0,3157.0,12.0,900000.0,17.0,47,-1
1.0,1.0,1.0,0.0,1.0,1.0,0.0,0.0,9037.0,1107.0,9740.0,12.0,1250000.0,9.0,23,1
0.0,0.0,0.0,0.0,0.0,0.0,0.0,0.0,6826.0,15092.0,4751.0,16.0,450000.0,4.0,4,1
1.0,1.0,1.0,1.0,1.0,1.0,0.0,0.0,2878.0,8874.0,2061.0,12.0,2000000.0,28.0,91,0
1.0,1.0,0.0,1.0,1.0,0.0,0.0,1.0,1582.0,8520.0,2811.0,9.0,1150000.0,12.0,14,-1
1.0,1.0,1.0,1.0,1.0,1.0,0.0,0.0,2604.0,10928.0,4814.0,10.5,1400000.0,11.0,68,0
0.0,1.0,0.0,0.0,0.0,1.0,0.0,0.0,8006.0,8623.0,6657.0,14.0,500000.0,2.0,7,0
0.0,1.0,0.0,0.0,0.0,0.0,0.0,0.0,6017.0,14743.0,4110.0,20.0,600000.0,5.0,133,0
0.0,0.0,0.0,1.0,1.0,1.0,0.0,0.0,4083.0,7344.0,3718.0,9.0,400000.0,3.0,20,-1
1.0,1.0,1.0,1.0,1.0,1.0,0.0,1.0,3972.0,9188.0,2538.0,12.0,2250000.0,55.0,64,0
0.0,0.0,0.0,1.0,1.0,0.0,0.0,1.0,6087.0,14712.0,7719.0,6.25,500000.0,4.0,9,-1
0.0,1.0,1.0,1.0,1.0,1.0,0.0,0.0,3537.0,12305.0,5438.0,9.0,750000.0,7.0,189,0
0.0,1.0,0.0,0.0,0.0,1.0,0.0,1.0,1828.0,8613.0,3895.0,12.0,750000.0,3.0,25,1
0.0,1.0,0.0,0.0,0.0,0.0,0.0,0.0,6091.0,14424.0,4011.0,12.0,600000.0,4.0,60,-1
0.0,1.0,0.0,0.0,0.0,1.0,0.0,0.0,3767.0,9604.0,2131.0,15.0,1100000.0,7.0,52,0
0.0,1.0,0.0,0.0,1.0,1.0,0.0,0.0,3728.0,13521.0,4783.0,12.0,400000.0,11.0,99,-1
1.0,1.0,1.0,1.0,1.0,0.0,0.0,1.0,9600.0,494.0,10433.0,12.0,1100000.0,9.0,38,-1
0.0,1.0,0.0,0.0,0.0,1.0,0.0,0.0,2196.0,9955.0,875.0,9.0,1100000.0,3.0,7,1
0.0,1.0,0.0,0.0,0.0,0.0,0.0,1.0,3707.0,10872.0,1473.0,9.0,600000.0,25.0,9,1
0.0,0.0,0.0,0.0,0.0,0.0,0.0,0.0,12534.0,20846.0,13922.0,9.0,292000.0,8.0,5,-1
1.0,1.0,1.0,1.0,1.0,1.0,0.0,0.0,3881.0,7084.0,5789.0,26.25,2600000.0,1.0,18,0
0.0,0.0,1.0,0.0,0.0,1.0,0.0,0.0,3588.0,7861.0,3133.0,9.0,550000.0,10.0,4,-1
0.0,1.0,0.0,0.0,0.0,0.0,0.0,1.0,8179.0,17608.0,9135.0,12.0,459000.0,5.0,2,1
1.0,1.0,1.0,1.0,1.0,1.0,0.0,1.0,1446.0,10211.0,3750.0,12.0,1400000.0,10.0,54,1
0.0,1.0,1.0,1.0,1.0,1.0,0.0,0.0,9248.0,800.0,10037.0,12.0,700000.0,28.0,8,-1
0.0,1.0,1.0,1.0,1.0,1.0,0.0,0.0,4694.0,10274.0,7030.0,9.0,750000.0,2.0,2,-1
0.0,1.0,1.0,1.0,1.0,0.0,0.0,1.0,1093.0,10573.0,1293.0,11.0,650000.0,5.0,146,1
0.0,1.0,0.0,1.0,1.0,1.0,0.0,0.0,9620.0,602.0,10499.0,15.0,590000.0,29.0,3,-1
0.0,1.0,0.0,0.0,0.0,1.0,0.0,0.0,8873.0,1199.0,9628.0,12.0,500000.0,5.0,3,1
0.0,1.0,0.0,1.0,1.0,0.0,0.0,0.0,4277.0,7639.0,3643.0,12.0,700000.0,20.0,15,-1
0.0,1.0,1.0,1.0,1.0,1.0,0.0,0.0,10303.0,334.0,11121.0,12.96,850000.0,40.0,19,-1
0.0,1.0,0.0,1.0,1.0,0.0,0.0,0.0,3163.0,7726.0,5168.0,12.0,650000.0,2.0,58,0
0.0,1.0,1.0,0.0,0.0,1.0,0.0,1.0,1639.0,8451.0,3377.0,16.0,2000000.0,3.0,48,0
0.0,0.0,0.0,0.0,0.0,1.0,0.0,1.0,2707.0,11175.0,418.0,6.0,340000.0,3.0,25,1
0.0,1.0,0.0,1.0,1.0,0.0,0.0,1.0,3009.0,7046.0,4114.0,12.0,650000.0,3.0,36,1
0.0,1.0,0.0,0.0,0.0,0.0,0.0,1.0,7065.0,17070.0,6574.0,9.0,500000.0,9.0,40,-1
0.0,0.0,0.0,0.0,0.0,0.0,0.0,1.0,889.0,10724.0,2874.0,16.0,417000.0,1.0,2,-1
0.0,0.0,0.0,0.0,0.0,0.0,0.0,0.0,4136.0,13796.0,3068.0,9.0,475000.0,5.0,9,-1
0.0,0.0,1.0,0.0,0.0,1.0,0.0,0.0,3042.0,7549.0,3279.0,12.0,550000.0,2.0,22,-1
0.0,1.0,0.0,1.0,1.0,1.0,0.0,0.0,1908.0,9443.0,1407.0,14.0,800000.0,3.0,31,-1
0.0,1.0,0.0,1.0,1.0,1.0,0.0,1.0,3317.0,7690.0,3175.0,12.0,800000.0,2.0,54,-1
0.0,0.0,1.0,1.0,1.0,1.0,0.0,0.0,1611.0,8610.0,3562.0,9.0,900000.0,7.0,5,-1
1.0,1.0,1.0,1.0,1.0,1.0,0.0,0.0,3375.0,8560.0,2528.0,9.0,1200000.0,21.0,20,-1
1.0,1.0,1.0,1.0,1.0,1.0,0.0,1.0,1705.0,8833.0,2158.0,15.0,1650000.0,5.0,9,1
0.0,1.0,1.0,0.0,0.0,1.0,0.0,1.0,9922.0,397.0,10782.0,12.0,600000.0,28.0,10,-1
0.0,0.0,0.0,1.0,1.0,0.0,0.0,0.0,3886.0,8642.0,2789.0,9.0,450000.0,10.0,22,-1
0.0,1.0,0.0,1.0,0.0,1.0,0.0,1.0,6374.0,15397.0,7768.0,12.0,900000.0,5.0,5,-1
0.0,1.0,1.0,0.0,0.0,0.0,0.0,1.0,3792.0,12011.0,1528.0,9.0,650000.0,5.0,81,0
0.0,0.0,0.0,1.0,1.0,0.0,0.0,0.0,4208.0,9916.0,2382.0,12.0,450000.0,8.0,15,1
0.0,1.0,0.0,1.0,0.0,1.0,0.0,1.0,3139.0,8421.0,2527.0,30.0,1500000.0,5.0,100,0
0.0,1.0,0.0,1.0,1.0,0.0,0.0,1.0,5206.0,4845.0,6225.0,9.0,500000.0,5.0,51,1
0.0,1.0,0.0,0.0,0.0,0.0,0.0,1.0,7895.0,6509.0,9875.0,18.0,350000.0,3.0,54,0
1.0,1.0,1.0,1.0,1.0,1.0,1.0,0.0,4431.0,8580.0,3237.0,9.0,650000.0,12.0,251,-1
0.0,1.0,0.0,1.0,1.0,0.0,0.0,0.0,1727.0,10767.0,656.0,16.0,1500000.0,6.0,5,-1
1.0,1.0,0.0,1.0,1.0,1.0,0.0,0.0,3130.0,7416.0,3413.0,9.0,2000000.0,13.0,12,1
1.0,0.0,1.0,1.0,1.0,1.0,0.0,0.0,6305.0,8196.0,5077.0,17.25,1600000.0,4.0,7,-1
0.0,1.0,0.0,0.0,1.0,1.0,0.0,0.0,5096.0,14703.0,3910.0,20.0,350000.0,5.0,83,-1
1.0,0.0,0.0,1.0,1.0,0.0,0.0,1.0,3683.0,8541.0,2718.0,16.0,1400000.0,14.0,1,1
0.0,1.0,0.0,0.0,0.0,0.0,0.0,1.0,7684.0,17520.0,8210.0,12.0,300000.0,16.0,120,1
0.0,1.0,1.0,1.0,1.0,1.0,0.0,1.0,4052.0,8685.0,2885.0,9.0,850000.0,15.0,154,-1
0.0,1.0,0.0,0.0,0.0,1.0,0.0,1.0,1488.0,9117.0,3711.0,15.0,700000.0,9.0,21,1
0.0,1.0,0.0,0.0,1.0,0.0,0.0,0.0,2964.0,12948.0,3787.0,12.0,650000.0,5.0,626,0
1.0,1.0,1.0,1.0,1.0,1.0,0.0,1.0,5357.0,15063.0,6281.0,12.0,1600000.0,3.0,117,0
0.0,1.0,1.0,1.0,1.0,1.0,0.0,1.0,3309.0,8387.0,5512.0,16.0,1000000.0,7.0,40,1
0.0,1.0,1.0,1.0,1.0,0.0,0.0,1.0,2675.0,7470.0,4269.0,7.84,775000.0,6.0,26,1
0.0,0.0,1.0,1.0,0.0,1.0,0.0,0.0,8471.0,18483.0,7959.0,9.0,350000.0,10.0,29,-1
0.0,0.0,1.0,0.0,0.0,0.0,0.0,1.0,4570.0,10636.0,2473.0,7.5,400000.0,8.0,21,1
0.0,0.0,0.0,1.0,1.0,0.0,0.0,1.0,1321.0,9554.0,3640.0,9.0,450000.0,7.0,31,1
0.0,1.0,1.0,0.0,0.0,0.0,0.0,0.0,6161.0,12951.0,3823.0,10.5,500000.0,17.0,49,1
0.0,0.0,1.0,1.0,1.0,0.0,0.0,1.0,24112.0,31711.0,25521.0,10.5,300000.0,12.0,13,-1
0.0,1.0,1.0,1.0,1.0,0.0,0.0,1.0,10168.0,331.0,11008.0,13.5,700000.0,10.0,4,-1
0.0,0.0,0.0,0.0,1.0,1.0,0.0,1.0,9488.0,18485.0,10671.0,9.0,1200000.0,10.0,1,0
1.0,1.0,1.0,1.0,1.0,0.0,0.0,1.0,2775.0,8923.0,1984.0,12.0,1700000.0,16.0,7,-1
0.0,0.0,0.0,1.0,1.0,0.0,0.0,0.0,3934.0,13769.0,4882.0,9.0,500000.0,8.0,49,1
0.0,1.0,1.0,1.0,1.0,0.0,0.0,1.0,3893.0,6736.0,5654.0,9.0,750000.0,6.0,55,-1
0.0,0.0,0.0,0.0,1.0,1.0,0.0,1.0,7802.0,13242.0,5499.0,12.0,400000.0,13.0,78,0
0.0,1.0,1.0,0.0,1.0,0.0,0.0,1.0,1485.0,8563.0,3066.0,9.0,700000.0,9.0,47,-1
0.0,1.0,1.0,1.0,1.0,0.0,0.0,1.0,2915.0,11971.0,4795.0,9.0,550000.0,16.0,70,-1
0.0,0.0,0.0,0.0,1.0,0.0,0.0,0.0,2463.0,7678.0,4095.0,22.5,600000.0,1.0,7,-1
0.0,1.0,1.0,0.0,1.0,1.0,0.0,1.0,9067.0,1594.0,9586.0,12.0,850000.0,12.0,8,-1
0.0,0.0,0.0,0.0,0.0,1.0,0.0,1.0,1919.0,10696.0,421.0,9.0,350000.0,27.0,90,-1
0.0,1.0,1.0,1.0,1.0,1.0,0.0,1.0,9845.0,1865.0,10221.0,16.0,1500000.0,10.0,3,-1
0.0,1.0,0.0,1.0,1.0,0.0,0.0,0.0,1887.0,11849.0,2078.0,12.0,600000.0,5.0,126,-1
0.0,0.0,1.0,1.0,1.0,0.0,0.0,0.0,5280.0,15327.0,5338.0,12.0,400000.0,7.0,93,-1
0.0,0.0,0.0,0.0,1.0,0.0,0.0,0.0,5790.0,13205.0,3479.0,12.0,400000.0,8.0,35,1
0.0,0.0,0.0,0.0,0.0,0.0,0.0,0.0,3988.0,6270.0,5486.0,8.25,435000.0,5.0,31,1
1.0,1.0,1.0,1.0,1.0,1.0,0.0,1.0,5862.0,9244.0,4281.0,15.75,2500000.0,2.0,6,0
0.0,1.0,1.0,0.0,0.0,1.0,0.0,1.0,6920.0,10584.0,4996.0,14.4,550000.0,2.0,39,1
0.0,1.0,0.0,1.0,1.0,0.0,0.0,0.0,2281.0,8317.0,2552.0,12.0,1100000.0,15.0,2,-1
1.0,1.0,0.0,1.0,1.0,0.0,0.0,1.0,3918.0,10508.0,1831.0,12.0,600000.0,6.0,128,-1
0.0,1.0,1.0,1.0,1.0,0.0,0.0,0.0,919.0,9129.0,2716.0,7.5,2500000.0,1.0,2,-1
1.0,1.0,1.0,1.0,1.0,0.0,0.0,0.0,2326.0,9166.0,1665.0,15.0,2000000.0,14.0,17,0
0.0,0.0,0.0,0.0,0.0,0.0,0.0,0.0,1868.0,8540.0,2454.0,9.0,400000.0,8.0,36,-1
0.0,0.0,0.0,0.0,1.0,0.0,0.0,1.0,1371.0,9116.0,2011.0,9.0,500000.0,14.0,54,-1
0.0,0.0,0.0,0.0,0.0,0.0,0.0,1.0,4197.0,7667.0,3578.0,9.0,460000.0,11.0,3,1
0.0,1.0,0.0,0.0,0.0,0.0,0.0,1.0,8127.0,17720.0,8933.0,16.0,425000.0,4.0,28,1
0.0,0.0,0.0,0.0,1.0,0.0,0.0,0.0,3128.0,7875.0,5182.0,7.5,250000.0,1.0,33,0
0.0,1.0,0.0,0.0,0.0,0.0,0.0,1.0,8598.0,1474.0,9473.0,12.0,700000.0,2.0,1,-1
0.0,1.0,1.0,0.0,0.0,0.0,0.0,0.0,5226.0,14173.0,6789.0,12.0,550000.0,6.0,38,1
0.0,1.0,1.0,0.0,0.0,1.0,0.0,0.0,10792.0,833.0,11477.0,9.0,550000.0,20.0,4,1
0.0,1.0,1.0,1.0,1.0,0.0,0.0,0.0,8894.0,1177.0,9649.0,15.0,1000000.0,17.0,15,1
0.0,1.0,0.0,1.0,1.0,0.0,0.0,1.0,10365.0,444.0,11072.0,9.0,750000.0,16.0,3,-1
0.0,1.0,0.0,1.0,1.0,0.0,0.0,1.0,1707.0,8609.0,3719.0,12.0,1000000.0,35.0,2,1
1.0,1.0,0.0,0.0,1.0,1.0,0.0,0.0,749.0,9676.0,1883.0,12.0,1700000.0,7.0,31,1
0.0,0.0,0.0,1.0,1.0,0.0,0.0,1.0,7126.0,14886.0,4920.0,8.25,300000.0,3.0,133,1
0.0,0.0,0.0,1.0,1.0,0.0,0.0,0.0,1080.0,9217.0,3248.0,9.0,300000.0,15.0,37,-1
0.0,1.0,0.0,1.0,1.0,0.0,0.0,1.0,3624.0,13611.0,3357.0,8.1,500000.0,10.0,177,1
0.0,0.0,0.0,0.0,1.0,1.0,0.0,1.0,2388.0,9645.0,4724.0,9.0,500000.0,15.0,63,0
0.0,1.0,1.0,0.0,0.0,0.0,0.0,0.0,840.0,10737.0,2775.0,12.0,950000.0,10.0,2,-1
0.0,1.0,0.0,1.0,0.0,0.0,0.0,1.0,4491.0,6246.0,4641.0,12.25,3500000.0,6.0,8,1
0.0,0.0,0.0,1.0,1.0,0.0,0.0,0.0,1935.0,8123.0,3230.0,9.0,500000.0,5.0,39,-1
0.0,1.0,0.0,0.0,0.0,1.0,0.0,0.0,6202.0,15999.0,5261.0,12.0,500000.0,5.0,11,-1
0.0,0.0,0.0,0.0,0.0,0.0,0.0,0.0,5238.0,7286.0,4503.0,9.0,500000.0,14.0,7,-1
0.0,1.0,0.0,1.0,1.0,0.0,0.0,0.0,786.0,10399.0,2998.0,12.0,900000.0,15.0,55,0
0.0,0.0,0.0,1.0,1.0,0.0,0.0,0.0,3095.0,8347.0,2571.0,9.0,550000.0,8.0,50,1
1.0,0.0,1.0,1.0,1.0,0.0,0.0,0.0,4963.0,14680.0,3938.0,9.0,600000.0,13.0,20,-1
0.0,0.0,1.0,1.0,1.0,0.0,0.0,1.0,2105.0,7980.0,3706.0,16.0,450000.0,5.0,29,1
0.0,0.0,1.0,0.0,0.0,0.0,0.0,0.0,4017.0,13256.0,2429.0,12.0,417000.0,3.0,1,-1
1.0,1.0,1.0,1.0,1.0,1.0,0.0,1.0,1965.0,8993.0,4209.0,17.5,1950000.0,4.0,24,0
0.0,1.0,1.0,0.0,0.0,1.0,0.0,1.0,2989.0,7720.0,4952.0,12.0,500000.0,8.0,80,1
1.0,1.0,0.0,1.0,1.0,0.0,0.0,1.0,1873.0,11916.0,2774.0,8.41,2000000.0,3.0,10,0
0.0,0.0,0.0,0.0,0.0,0.0,0.0,0.0,5131.0,14012.0,3280.0,9.0,325000.0,11.0,44,1
0.0,0.0,1.0,0.0,0.0,1.0,0.0,1.0,2063.0,9207.0,1626.0,12.0,600000.0,4.0,29,0
1.0,1.0,1.0,1.0,1.0,0.0,0.0,0.0,1579.0,8832.0,3689.0,16.0,1500000.0,4.0,9,-1
0.0,0.0,0.0,1.0,1.0,1.0,0.0,1.0,2181.0,12070.0,2001.0,9.0,600000.0,4.0,33,-1
0.0,1.0,1.0,1.0,1.0,0.0,0.0,0.0,3821.0,8979.0,2539.0,9.0,850000.0,20.0,18,1
0.0,0.0,0.0,0.0,0.0,1.0,0.0,0.0,3728.0,13521.0,4783.0,9.0,300000.0,11.0,23,-1
0.0,0.0,0.0,1.0,1.0,0.0,0.0,1.0,5347.0,15395.0,5364.0,8.0,450000.0,4.0,75,1
0.0,1.0,0.0,1.0,1.0,0.0,0.0,1.0,2154.0,8191.0,2771.0,9.0,450000.0,16.0,311,-1
0.0,0.0,0.0,1.0,1.0,0.0,0.0,0.0,972.0,10750.0,2974.0,9.0,350000.0,2.0,10,1
0.0,0.0,0.0,1.0,1.0,0.0,0.0,0.0,2318.0,9271.0,1562.0,9.0,355000.0,3.0,76,-1
0.0,1.0,1.0,1.0,1.0,0.0,0.0,1.0,3864.0,7533.0,3487.0,8.25,750000.0,14.0,118,-1
1.0,1.0,0.0,1.0,1.0,1.0,0.0,0.0,5200.0,8910.0,3762.0,10.5,1000000.0,11.0,25,-1
0.0,0.0,1.0,0.0,0.0,0.0,0.0,1.0,3521.0,8851.0,2410.0,12.0,600000.0,25.0,59,1
0.0,0.0,1.0,1.0,1.0,0.0,0.0,0.0,4161.0,7740.0,3513.0,24.0,700000.0,4.0,47,-1
0.0,1.0,0.0,0.0,1.0,0.0,0.0,0.0,5467.0,15382.0,4791.0,20.0,800000.0,5.0,16,-1
1.0,1.0,0.0,1.0,1.0,1.0,0.0,0.0,2108.0,11053.0,450.0,18.0,1750000.0,12.0,21,-1
0.0,0.0,0.0,1.0,1.0,0.0,0.0,0.0,6628.0,15703.0,4948.0,20.0,750000.0,5.0,56,0
0.0,0.0,0.0,0.0,0.0,0.0,0.0,1.0,1943.0,8659.0,2259.0,12.0,400000.0,10.0,36,1
0.0,1.0,0.0,0.0,0.0,1.0,0.0,0.0,4137.0,13958.0,3351.0,9.0,700000.0,10.0,9,0
1.0,1.0,1.0,1.0,1.0,1.0,0.0,0.0,1712.0,10075.0,867.0,17.5,2000000.0,33.0,52,-1
1.0,1.0,1.0,1.0,1.0,1.0,0.0,0.0,1483.0,8590.0,3222.0,22.75,3000000.0,24.0,26,-1
1.0,1.0,1.0,1.0,1.0,1.0,0.0,0.0,2565.0,12030.0,1404.0,16.0,1400000.0,11.0,46,-1
0.0,0.0,1.0,0.0,0.0,0.0,0.0,1.0,1277.0,8901.0,2437.0,9.28,500000.0,17.0,13,-1
0.0,0.0,1.0,0.0,0.0,0.0,0.0,0.0,3306.0,13005.0,2386.0,9.0,450000.0,13.0,12,-1
0.0,1.0,0.0,0.0,0.0,0.0,0.0,1.0,3341.0,9069.0,2146.0,9.0,550000.0,40.0,10,1
1.0,1.0,1.0,1.0,1.0,1.0,0.0,1.0,4037.0,7725.0,3449.0,9.0,1550000.0,16.0,16,1
0.0,0.0,0.0,0.0,0.0,0.0,0.0,1.0,3918.0,10508.0,1831.0,9.0,800000.0,8.0,7,-1
0.0,0.0,0.0,1.0,1.0,0.0,0.0,0.0,6524.0,15560.0,4815.0,12.0,350000.0,15.0,43,-1
0.0,0.0,1.0,1.0,1.0,0.0,0.0,0.0,7997.0,16713.0,6144.0,9.0,600000.0,5.0,6,-1
0.0,1.0,0.0,0.0,0.0,1.0,0.0,1.0,3345.0,11815.0,1137.0,18.0,750000.0,2.0,39,-1
0.0,1.0,1.0,1.0,1.0,0.0,0.0,0.0,4294.0,13645.0,2821.0,8.96,800000.0,4.0,22,-1
0.0,1.0,1.0,1.0,1.0,0.0,0.0,0.0,6479.0,15957.0,5130.0,9.0,700000.0,10.0,62,-1
0.0,0.0,0.0,1.0,1.0,0.0,0.0,1.0,4051.0,13593.0,2817.0,9.0,500000.0,17.0,52,-1
0.0,1.0,1.0,1.0,1.0,1.0,0.0,0.0,3842.0,6403.0,4452.0,14.0,650000.0,16.0,89,-1
0.0,1.0,0.0,1.0,1.0,0.0,0.0,0.0,5242.0,14423.0,3614.0,9.0,500000.0,8.0,246,-1
0.0,0.0,0.0,0.0,1.0,1.0,0.0,1.0,3810.0,12609.0,5650.0,9.0,500000.0,2.0,9,0
0.0,0.0,0.0,0.0,0.0,1.0,0.0,1.0,8598.0,17898.0,9631.0,9.0,2000000.0,6.0,2,1
0.0,1.0,0.0,0.0,0.0,0.0,0.0,1.0,6222.0,15742.0,7255.0,9.0,400000.0,4.0,29,-1
0.0,0.0,0.0,0.0,1.0,0.0,0.0,1.0,3311.0,13107.0,2578.0,12.25,500000.0,4.0,34,-1
0.0,1.0,0.0,1.0,1.0,0.0,0.0,0.0,519.0,10398.0,1894.0,9.0,500000.0,4.0,62,0
0.0,0.0,0.0,1.0,1.0,0.0,0.0,0.0,9965.0,19962.0,9362.0,7.5,375000.0,12.0,42,-1
0.0,1.0,0.0,0.0,0.0,1.0,0.0,1.0,9173.0,17738.0,10601.0,15.0,600000.0,5.0,74,0
1.0,1.0,0.0,1.0,1.0,0.0,0.0,0.0,2902.0,12285.0,1548.0,9.0,1700000.0,16.0,4,-1
0.0,0.0,1.0,1.0,1.0,0.0,0.0,0.0,4521.0,9177.0,6831.0,12.0,600000.0,26.0,9,1
0.0,0.0,0.0,0.0,0.0,0.0,0.0,1.0,4440.0,13814.0,2990.0,9.0,500000.0,10.0,22,-1
0.0,1.0,1.0,1.0,1.0,0.0,0.0,0.0,3857.0,7801.0,3303.0,9.0,800000.0,21.0,12,-1
1.0,1.0,1.0,1.0,1.0,1.0,0.0,0.0,1349.0,8834.0,3335.0,15.0,2250000.0,5.0,5,-1
0.0,0.0,0.0,0.0,0.0,0.0,0.0,1.0,3453.0,9775.0,5790.0,9.0,450000.0,10.0,8,1
0.0,1.0,1.0,1.0,1.0,0.0,0.0,1.0,4208.0,7779.0,3518.0,12.0,750000.0,10.0,25,-1
0.0,0.0,0.0,0.0,1.0,0.0,0.0,0.0,1199.0,10737.0,1265.0,9.0,500000.0,6.0,30,-1
0.0,1.0,0.0,0.0,0.0,1.0,0.0,1.0,3649.0,8465.0,5880.0,16.0,750000.0,4.0,9,-1
0.0,0.0,0.0,0.0,0.0,0.0,0.0,0.0,3863.0,10302.0,6193.0,9.0,300000.0,4.0,32,1
0.0,0.0,1.0,0.0,0.0,1.0,0.0,1.0,7732.0,9083.0,6247.0,16.0,1150000.0,2.0,19,0
0.0,0.0,0.0,0.0,0.0,0.0,0.0,1.0,2634.0,8854.0,2007.0,9.0,450000.0,10.0,6,1
1.0,1.0,0.0,1.0,1.0,1.0,0.0,0.0,5291.0,7431.0,7399.0,22.5,800000.0,6.0,79,0
0.0,1.0,0.0,1.0,1.0,0.0,0.0,0.0,2853.0,8450.0,2416.0,20.0,1200000.0,5.0,7,0
0.0,1.0,1.0,0.0,0.0,1.0,0.0,0.0,8201.0,17915.0,8866.0,12.0,500000.0,23.0,14,-1
1.0,1.0,1.0,1.0,1.0,1.0,0.0,0.0,9599.0,867.0,10227.0,24.0,1600000.0,12.0,11,-1
0.0,1.0,1.0,0.0,0.0,1.0,0.0,0.0,10247.0,206.0,11033.0,12.0,500000.0,22.0,3,-1
1.0,1.0,1.0,1.0,1.0,1.0,0.0,0.0,3616.0,6610.0,4263.0,20.0,1500000.0,12.0,88,0
0.0,0.0,0.0,0.0,1.0,0.0,0.0,0.0,2515.0,12563.0,3034.0,7.5,250000.0,5.0,79,-1
0.0,0.0,1.0,0.0,0.0,1.0,0.0,1.0,911.0,9707.0,1709.0,9.0,625000.0,6.0,45,-1
1.0,1.0,0.0,1.0,1.0,0.0,0.0,0.0,2895.0,8323.0,2537.0,20.0,1000000.0,2.0,146,1
1.0,1.0,1.0,1.0,1.0,1.0,0.0,0.0,934.0,9683.0,1712.0,15.0,2500000.0,60.0,78,0
0.0,0.0,0.0,1.0,1.0,1.0,0.0,1.0,5443.0,12459.0,3105.0,12.0,450000.0,3.0,43,1
0.0,0.0,1.0,1.0,1.0,1.0,0.0,0.0,2426.0,9388.0,1468.0,9.0,800000.0,23.0,176,0
0.0,1.0,1.0,1.0,1.0,0.0,0.0,1.0,1042.0,9221.0,3197.0,9.0,850000.0,5.0,45,1
1.0,1.0,1.0,1.0,1.0,1.0,0.0,0.0,6366.0,10697.0,4373.0,12.0,1000000.0,4.0,11,-1
1.0,1.0,1.0,1.0,1.0,1.0,0.0,1.0,3922.0,9625.0,2257.0,20.0,2500000.0,33.0,35,0
1.0,1.0,1.0,1.0,1.0,1.0,0.0,1.0,3458.0,10043.0,1603.0,12.0,1300000.0,12.0,70,-1
0.0,0.0,1.0,0.0,0.0,0.0,0.0,0.0,10621.0,592.0,11357.0,9.0,300000.0,25.0,21,1
1.0,1.0,0.0,1.0,1.0,0.0,0.0,0.0,3081.0,12882.0,2400.0,9.0,1500000.0,1.0,24,0
0.0,0.0,0.0,0.0,0.0,1.0,0.0,1.0,9633.0,910.0,10245.0,9.0,375000.0,25.0,10,1
0.0,0.0,1.0,0.0,0.0,1.0,0.0,0.0,10365.0,779.0,10986.0,9.0,300000.0,27.0,12,1
1.0,1.0,1.0,1.0,1.0,0.0,0.0,0.0,774.0,10446.0,2957.0,9.0,1400000.0,7.0,10,-1
0.0,1.0,0.0,1.0,0.0,1.0,0.0,0.0,2856.0,7994.0,4903.0,12.0,800000.0,16.0,5,-1
0.0,0.0,1.0,0.0,1.0,1.0,0.0,1.0,5322.0,14462.0,3662.0,9.0,450000.0,17.0,72,-1
1.0,1.0,0.0,0.0,1.0,1.0,0.0,0.0,7352.0,16978.0,8178.0,9.0,800000.0,4.0,21,1
0.0,1.0,0.0,0.0,0.0,0.0,0.0,0.0,7255.0,16903.0,8064.0,12.0,550000.0,8.0,10,-1
1.0,0.0,0.0,0.0,1.0,0.0,0.0,0.0,3836.0,8743.0,2693.0,9.0,1800000.0,1.0,1,0
0.0,1.0,1.0,1.0,1.0,0.0,0.0,1.0,4454.0,8419.0,3338.0,12.0,750000.0,14.0,109,1
1.0,1.0,1.0,1.0,0.0,1.0,0.0,1.0,4356.0,9508.0,2712.0,12.0,2000000.0,10.0,28,0
1.0,1.0,0.0,1.0,1.0,1.0,0.0,1.0,7151.0,3716.0,8535.0,12.0,1500000.0,14.0,30,0
0.0,1.0,0.0,1.0,1.0,1.0,0.0,0.0,2360.0,8106.0,2783.0,12.0,650000.0,1.0,2,-1
0.0,0.0,0.0,0.0,0.0,1.0,0.0,1.0,3364.0,12747.0,4935.0,9.0,500000.0,17.0,42,-1
0.0,0.0,0.0,1.0,1.0,0.0,0.0,1.0,2086.0,12120.0,2522.0,9.0,500000.0,6.0,11,-1
0.0,0.0,1.0,0.0,1.0,0.0,0.0,0.0,3576.0,9773.0,5913.0,9.0,350000.0,15.0,21,-1
0.0,0.0,0.0,1.0,1.0,0.0,0.0,0.0,1396.0,9194.0,3633.0,18.0,1500000.0,4.0,1,0
0.0,0.0,0.0,0.0,0.0,0.0,0.0,1.0,7759.0,17180.0,8752.0,7.5,375000.0,17.0,3,1
0.0,0.0,0.0,1.0,1.0,0.0,0.0,0.0,5578.0,15627.0,5553.0,9.0,500000.0,7.0,95,-1
1.0,1.0,0.0,1.0,1.0,1.0,0.0,0.0,1330.0,10174.0,3639.0,22.8,1300000.0,1.0,6,1
0.0,1.0,0.0,1.0,1.0,0.0,0.0,0.0,5850.0,14779.0,4054.0,9.0,500000.0,9.0,51,1
0.0,0.0,0.0,0.0,0.0,1.0,0.0,0.0,5562.0,13702.0,3390.0,9.0,300000.0,17.0,147,0
1.0,1.0,1.0,1.0,1.0,1.0,0.0,0.0,3128.0,7385.0,3446.0,20.0,900000.0,20.0,73,-1
0.0,1.0,0.0,1.0,1.0,0.0,0.0,0.0,10998.0,8297.0,13065.0,16.0,400000.0,4.0,81,0
0.0,1.0,0.0,0.0,0.0,0.0,0.0,1.0,4084.0,10024.0,6422.0,14.0,750000.0,6.0,8,1
1.0,0.0,1.0,0.0,1.0,1.0,0.0,1.0,6048.0,14250.0,3920.0,20.0,700000.0,4.0,75,-1
0.0,0.0,0.0,0.0,0.0,0.0,0.0,1.0,2474.0,12443.0,2425.0,6.25,365000.0,5.0,82,1
0.0,1.0,0.0,1.0,1.0,0.0,0.0,0.0,2953.0,7229.0,3723.0,10.5,500000.0,9.0,57,-1
0.0,0.0,0.0,0.0,1.0,0.0,0.0,1.0,519.0,10398.0,1894.0,9.0,350000.0,1.0,13,1
1.0,1.0,0.0,1.0,1.0,0.0,0.0,0.0,6029.0,15241.0,4439.0,9.0,1250000.0,4.0,21,0
1.0,1.0,1.0,1.0,1.0,1.0,0.0,0.0,3469.0,9563.0,1907.0,25.0,2000000.0,12.0,80,0
0.0,1.0,0.0,1.0,1.0,1.0,0.0,1.0,8333.0,11577.0,6312.0,16.0,500000.0,11.0,142,0
1.0,1.0,0.0,1.0,1.0,0.0,0.0,1.0,10251.0,441.0,11106.0,12.0,1250000.0,4.0,4,-1
0.0,0.0,0.0,0.0,0.0,0.0,0.0,0.0,5252.0,14785.0,3970.0,9.0,500000.0,8.0,26,1
0.0,0.0,0.0,0.0,0.0,0.0,0.0,1.0,3710.0,10876.0,1475.0,9.0,400000.0,6.0,51,1
0.0,0.0,1.0,0.0,1.0,1.0,0.0,1.0,7136.0,3699.0,8511.0,9.0,950000.0,1.0,24,0
0.0,0.0,1.0,1.0,1.0,1.0,0.0,0.0,3277.0,11018.0,967.0,10.5,800000.0,4.0,28,-1
0.0,1.0,0.0,1.0,1.0,0.0,0.0,0.0,9373.0,1120.0,9971.0,9.0,550000.0,3.0,8,-1
1.0,1.0,1.0,1.0,1.0,1.0,0.0,1.0,22234.0,12214.0,23008.0,12.0,1650000.0,12.0,15,0
0.0,0.0,0.0,0.0,0.0,0.0,0.0,0.0,2291.0,9949.0,896.0,9.0,350000.0,5.0,16,1
0.0,1.0,0.0,0.0,0.0,0.0,0.0,1.0,2181.0,9933.0,4516.0,21.0,1000000.0,6.0,9,0
0.0,1.0,0.0,1.0,1.0,1.0,0.0,0.0,5183.0,14787.0,6247.0,9.0,425000.0,6.0,14,1
0.0,1.0,0.0,1.0,1.0,0.0,0.0,0.0,2221.0,9918.0,915.0,16.0,650000.0,9.0,41,-1
0.0,0.0,0.0,1.0,1.0,0.0,0.0,0.0,3592.0,7028.0,3802.0,12.0,450000.0,9.0,36,-1
0.0,1.0,0.0,0.0,1.0,0.0,0.0,0.0,3395.0,7672.0,5422.0,12.0,700000.0,3.0,3,-1
0.0,1.0,0.0,0.0,0.0,1.0,0.0,1.0,6620.0,6675.0,5902.0,24.0,750000.0,4.0,17,1
0.0,1.0,0.0,0.0,0.0,1.0,0.0,0.0,7190.0,16636.0,8204.0,12.0,700000.0,20.0,30,-1
0.0,1.0,1.0,1.0,1.0,0.0,0.0,0.0,1853.0,8390.0,2698.0,9.0,800000.0,10.0,25,-1
0.0,1.0,1.0,1.0,1.0,0.0,0.0,0.0,1677.0,9799.0,4014.0,12.0,700000.0,22.0,43,-1
0.0,0.0,0.0,0.0,0.0,1.0,0.0,1.0,6757.0,6895.0,5948.0,7.84,325000.0,8.0,15,-1
0.0,1.0,0.0,1.0,1.0,1.0,0.0,0.0,5183.0,14787.0,6247.0,18.0,850000.0,6.0,33,1
0.0,0.0,0.0,0.0,1.0,0.0,0.0,0.0,1515.0,10468.0,3764.0,7.5,350000.0,1.0,168,1
0.0,1.0,1.0,1.0,1.0,0.0,0.0,0.0,5513.0,15505.0,5873.0,9.0,800000.0,10.0,56,-1
0.0,1.0,0.0,0.0,1.0,0.0,0.0,1.0,13473.0,3473.0,14300.0,17.2,350000.0,4.0,50,1
0.0,0.0,0.0,0.0,0.0,0.0,0.0,1.0,1285.0,9089.0,2118.0,8.25,475000.0,12.0,24,-1
0.0,0.0,0.0,0.0,0.0,0.0,0.0,1.0,3364.0,9065.0,2164.0,9.0,450000.0,40.0,11,1
0.0,1.0,0.0,0.0,0.0,0.0,0.0,1.0,9934.0,599.0,10589.0,6.0,500000.0,2.0,40,1
1.0,0.0,1.0,1.0,1.0,1.0,0.0,0.0,8210.0,1985.0,8864.0,12.0,550000.0,8.0,10,-1
0.0,0.0,0.0,1.0,1.0,1.0,0.0,1.0,2247.0,12275.0,2569.0,9.0,1700000.0,6.0,278,0
1.0,1.0,0.0,1.0,1.0,0.0,0.0,0.0,2642.0,10408.0,634.0,12.0,1400000.0,23.0,3,-1
0.0,0.0,0.0,1.0,1.0,1.0,0.0,0.0,10601.0,552.0,11366.0,9.0,350000.0,5.0,24,1
1.0,1.0,1.0,1.0,1.0,1.0,0.0,1.0,3877.0,7964.0,3207.0,15.0,1900000.0,22.0,24,-1
0.0,0.0,0.0,0.0,0.0,0.0,0.0,1.0,2315.0,12200.0,3583.0,16.0,600000.0,3.0,4,-1
0.0,0.0,0.0,0.0,0.0,0.0,0.0,0.0,1489.0,8566.0,3146.0,9.0,2750000.0,8.0,3,1
0.0,1.0,1.0,1.0,1.0,1.0,0.0,1.0,1938.0,9530.0,1313.0,9.0,800000.0,18.0,131,1
0.0,1.0,1.0,0.0,0.0,0.0,0.0,1.0,7676.0,16798.0,8896.0,9.0,600000.0,11.0,57,-1
1.0,1.0,1.0,1.0,1.0,1.0,0.0,1.0,2436.0,7837.0,4236.0,9.0,1550000.0,9.0,172,0
0.0,1.0,1.0,1.0,1.0,0.0,0.0,1.0,988.0,9741.0,1616.0,16.0,1000000.0,7.0,9,-1
0.0,0.0,1.0,0.0,0.0,0.0,0.0,1.0,2848.0,8319.0,5000.0,9.0,500000.0,4.0,35,1
0.0,1.0,1.0,1.0,1.0,0.0,0.0,1.0,1454.0,8701.0,3371.0,9.0,750000.0,11.0,191,-1
1.0,1.0,0.0,1.0,1.0,1.0,0.0,0.0,8451.0,1692.0,9144.0,9.0,1200000.0,9.0,18,-1
0.0,0.0,0.0,0.0,1.0,0.0,0.0,1.0,1920.0,8183.0,3047.0,9.0,500000.0,10.0,20,-1
0.0,1.0,0.0,0.0,1.0,0.0,0.0,0.0,3314.0,8671.0,2416.0,12.0,2000000.0,12.0,9,0
0.0,1.0,1.0,1.0,1.0,0.0,0.0,1.0,8670.0,1633.0,9284.0,12.0,900000.0,10.0,17,-1
1.0,1.0,1.0,1.0,1.0,1.0,0.0,1.0,3913.0,8561.0,2857.0,13.5,1500000.0,30.0,16,-1
0.0,0.0,0.0,0.0,0.0,0.0,0.0,1.0,4175.0,11469.0,1852.0,9.0,350000.0,10.0,15,-1
0.0,1.0,1.0,1.0,1.0,0.0,0.0,0.0,8077.0,17481.0,9060.0,9.0,700000.0,20.0,8,-1
1.0,0.0,0.0,1.0,1.0,0.0,0.0,0.0,1805.0,11000.0,737.0,36.0,900000.0,4.0,5,-1
0.0,0.0,0.0,1.0,1.0,0.0,0.0,0.0,3316.0,6734.0,4531.0,9.0,500000.0,14.0,7,-1
0.0,0.0,0.0,1.0,1.0,0.0,0.0,0.0,3119.0,8598.0,2379.0,12.0,400000.0,3.0,42,-1
0.0,1.0,1.0,1.0,1.0,0.0,0.0,1.0,8512.0,1547.0,9288.0,12.0,950000.0,25.0,104,-1
0.0,1.0,0.0,1.0,1.0,1.0,0.0,0.0,6078.0,7268.0,5207.0,12.0,525000.0,12.0,57,-1
1.0,1.0,1.0,1.0,1.0,1.0,0.0,0.0,3213.0,9851.0,1513.0,20.0,3000000.0,2.0,6,0
0.0,1.0,0.0,1.0,1.0,1.0,0.0,0.0,4627.0,8767.0,6904.0,20.0,1100000.0,4.0,1,0
0.0,0.0,0.0,1.0,1.0,0.0,0.0,0.0,5176.0,14939.0,6044.0,9.0,450000.0,17.0,26,-1
1.0,1.0,1.0,1.0,1.0,1.0,0.0,0.0,1648.0,8445.0,3393.0,12.0,2000000.0,8.0,13,-1
0.0,1.0,0.0,1.0,0.0,0.0,0.0,1.0,4815.0,14632.0,3969.0,12.0,850000.0,12.0,28,-1
1.0,1.0,1.0,1.0,1.0,1.0,0.0,0.0,3313.0,7648.0,5319.0,20.0,2500000.0,7.0,14,0
0.0,0.0,1.0,1.0,1.0,0.0,0.0,0.0,5705.0,7565.0,4765.0,9.0,400000.0,29.0,13,-1
0.0,0.0,0.0,0.0,1.0,0.0,0.0,1.0,4805.0,14521.0,5787.0,7.5,525000.0,9.0,29,-1
1.0,1.0,1.0,1.0,1.0,1.0,0.0,1.0,5334.0,15338.0,5670.0,16.0,4000000.0,2.0,8,0
0.0,0.0,1.0,0.0,0.0,0.0,0.0,0.0,5028.0,13760.0,6726.0,6.0,250000.0,7.0,26,0
0.0,1.0,0.0,0.0,0.0,0.0,0.0,1.0,8618.0,1597.0,9272.0,12.0,650000.0,19.0,16,1
0.0,1.0,1.0,0.0,0.0,1.0,0.0,0.0,6083.0,15579.0,7152.0,18.0,750000.0,9.0,9,-1
0.0,1.0,1.0,1.0,1.0,1.0,0.0,0.0,1685.0,8370.0,3075.0,12.0,950000.0,15.0,14,-1
0.0,1.0,0.0,0.0,0.0,1.0,0.0,0.0,8907.0,18950.0,8564.0,12.0,550000.0,4.0,2,-1
0.0,1.0,1.0,1.0,1.0,0.0,0.0,0.0,9640.0,900.0,10253.0,9.0,750000.0,10.0,25,0
0.0,0.0,1.0,0.0,0.0,1.0,0.0,0.0,9703.0,866.0,10317.0,9.0,425000.0,42.0,10,-1
0.0,1.0,1.0,1.0,1.0,1.0,0.0,1.0,5019.0,5773.0,5165.0,14.0,900000.0,2.0,72,0
0.0,0.0,1.0,1.0,1.0,0.0,0.0,0.0,10471.0,513.0,11180.0,9.0,750000.0,4.0,25,1
0.0,1.0,0.0,0.0,0.0,0.0,0.0,0.0,3695.0,13014.0,5250.0,12.0,700000.0,31.0,25,0
0.0,1.0,0.0,1.0,1.0,1.0,0.0,0.0,7210.0,2845.0,8124.0,24.0,700000.0,2.0,13,1
0.0,1.0,1.0,0.0,0.0,0.0,0.0,0.0,2115.0,11229.0,649.0,12.0,600000.0,13.0,80,-1
0.0,1.0,0.0,1.0,1.0,0.0,0.0,0.0,6688.0,7501.0,8815.0,12.0,700000.0,8.0,15,-1
0.0,0.0,0.0,0.0,0.0,0.0,0.0,1.0,2705.0,11420.0,597.0,9.0,250000.0,6.0,30,1
0.0,1.0,1.0,0.0,0.0,1.0,0.0,0.0,2478.0,12422.0,3562.0,9.0,700000.0,8.0,3,-1
0.0,0.0,1.0,0.0,0.0,0.0,0.0,1.0,3987.0,6409.0,4418.0,9.0,600000.0,22.0,26,0
0.0,0.0,0.0,0.0,1.0,1.0,0.0,0.0,2717.0,9974.0,1059.0,9.0,650000.0,10.0,49,-1
1.0,1.0,1.0,1.0,1.0,1.0,0.0,0.0,10303.0,334.0,11121.0,12.96,1500000.0,40.0,2,-1
1.0,1.0,1.0,0.0,0.0,1.0,0.0,0.0,4150.0,6027.0,4842.0,12.0,600000.0,19.0,326,0
0.0,0.0,1.0,1.0,1.0,0.0,0.0,0.0,3146.0,7054.0,4723.0,9.0,800000.0,15.0,3,-1
1.0,1.0,1.0,1.0,1.0,1.0,0.0,0.0,5651.0,10730.0,3598.0,12.0,1500000.0,6.0,9,0
0.0,1.0,0.0,1.0,1.0,1.0,0.0,1.0,3018.0,7357.0,4782.0,17.5,600000.0,5.0,36,-1
1.0,1.0,0.0,1.0,1.0,1.0,0.0,0.0,2549.0,12525.0,2501.0,25.0,1500000.0,5.0,6,-1
0.0,1.0,0.0,1.0,1.0,0.0,0.0,1.0,5206.0,4845.0,6225.0,13.5,550000.0,5.0,24,1
0.0,1.0,0.0,1.0,1.0,1.0,0.0,1.0,5774.0,9982.0,3948.0,12.0,850000.0,12.0,61,-1
0.0,0.0,1.0,1.0,1.0,0.0,0.0,1.0,2946.0,7419.0,3445.0,20.0,700000.0,1.0,18,-1
0.0,0.0,0.0,0.0,1.0,0.0,0.0,0.0,8201.0,17915.0,8866.0,12.0,450000.0,3.0,4,1
0.0,1.0,0.0,1.0,1.0,0.0,0.0,0.0,519.0,10398.0,1894.0,9.0,500000.0,1.0,37,0
1.0,1.0,1.0,1.0,1.0,1.0,0.0,1.0,1490.0,8572.0,3184.0,12.0,1500000.0,9.0,54,1
0.0,1.0,0.0,0.0,0.0,0.0,0.0,1.0,3453.0,9775.0,5790.0,12.0,650000.0,11.0,9,1
1.0,1.0,0.0,1.0,1.0,1.0,0.0,1.0,2226.0,9359.0,1469.0,12.0,1200000.0,2.0,4,-1
0.0,0.0,1.0,1.0,1.0,1.0,0.0,1.0,1755.0,8708.0,2292.0,7.5,700000.0,1.0,14,-1
0.0,0.0,0.0,0.0,0.0,0.0,0.0,0.0,1937.0,11241.0,855.0,9.0,350000.0,4.0,54,-1
0.0,1.0,0.0,0.0,0.0,0.0,0.0,1.0,9495.0,658.0,10363.0,9.0,500000.0,11.0,2,1
1.0,1.0,0.0,1.0,1.0,1.0,0.0,0.0,3824.0,13635.0,4832.0,13.0,1085000.0,2.0,54,-1
0.0,1.0,1.0,1.0,1.0,1.0,0.0,1.0,4462.0,13945.0,3136.0,9.0,850000.0,10.0,64,1
0.0,1.0,1.0,1.0,1.0,0.0,0.0,1.0,2301.0,12014.0,3830.0,12.0,800000.0,8.0,33,-1
1.0,1.0,0.0,0.0,1.0,1.0,0.0,0.0,3541.0,6552.0,4883.0,15.0,1750000.0,6.0,18,0
0.0,0.0,0.0,1.0,1.0,1.0,0.0,1.0,1982.0,8084.0,3223.0,12.0,750000.0,10.0,4,-1
0.0,0.0,0.0,0.0,1.0,0.0,0.0,0.0,2789.0,12613.0,4017.0,9.0,400000.0,4.0,40,-1
1.0,1.0,0.0,1.0,1.0,1.0,0.0,1.0,1980.0,8133.0,3063.0,12.0,1350000.0,5.0,3,-1
0.0,0.0,0.0,0.0,0.0,1.0,0.0,1.0,4268.0,5882.0,5605.0,17.5,550000.0,2.0,1,1
0.0,1.0,1.0,1.0,1.0,1.0,0.0,1.0,3473.0,8693.0,2488.0,16.0,1850000.0,6.0,8,-1
0.0,1.0,0.0,1.0,1.0,1.0,0.0,0.0,2199.0,7959.0,3918.0,9.0,900000.0,17.0,17,-1
1.0,1.0,1.0,1.0,1.0,0.0,0.0,0.0,2006.0,8120.0,3051.0,9.0,1500000.0,10.0,20,-1
0.0,1.0,0.0,1.0,0.0,0.0,0.0,0.0,2927.0,7130.0,4034.0,16.0,700000.0,1.0,10,-1
0.0,1.0,0.0,0.0,0.0,0.0,0.0,0.0,13494.0,7154.0,15224.0,7.5,500000.0,2.0,2,0
0.0,0.0,1.0,1.0,1.0,1.0,0.0,1.0,6053.0,4038.0,7117.0,16.0,800000.0,1.0,106,0
0.0,1.0,1.0,0.0,1.0,0.0,0.0,1.0,8346.0,18320.0,7713.0,9.0,375000.0,2.0,33,1
0.0,0.0,0.0,0.0,0.0,0.0,0.0,1.0,920.0,10771.0,2869.0,9.0,417000.0,8.0,13,1
0.0,0.0,0.0,0.0,0.0,0.0,0.0,1.0,4441.0,10224.0,2485.0,12.0,350000.0,15.0,13,1
1.0,1.0,1.0,1.0,1.0,0.0,0.0,1.0,9534.0,803.0,10190.0,20.0,1200000.0,6.0,8,-1
0.0,0.0,0.0,1.0,1.0,0.0,0.0,0.0,1986.0,11873.0,3371.0,12.0,600000.0,9.0,31,1
0.0,0.0,0.0,0.0,0.0,0.0,0.0,1.0,3526.0,6814.0,5169.0,9.0,500000.0,8.0,14,-1
0.0,1.0,0.0,0.0,0.0,1.0,0.0,1.0,5740.0,14362.0,3769.0,18.0,850000.0,6.0,25,0
0.0,0.0,1.0,1.0,1.0,0.0,0.0,0.0,6178.0,15698.0,7214.0,7.5,450000.0,10.0,33,-1
0.0,1.0,0.0,0.0,1.0,0.0,0.0,1.0,1986.0,9434.0,4306.0,12.0,700000.0,2.0,4,1
1.0,1.0,1.0,1.0,1.0,1.0,0.0,1.0,2942.0,8348.0,5111.0,9.0,1500000.0,10.0,3,-1
0.0,0.0,0.0,0.0,0.0,0.0,0.0,1.0,5658.0,14640.0,3891.0,6.25,600000.0,5.0,30,-1
0.0,0.0,0.0,1.0,1.0,0.0,0.0,1.0,10640.0,20641.0,10040.0,9.0,350000.0,6.0,2,-1
0.0,1.0,0.0,1.0,1.0,0.0,0.0,1.0,10402.0,11057.0,8675.0,9.0,400000.0,10.0,42,0
0.0,1.0,1.0,1.0,1.0,0.0,0.0,0.0,1852.0,8213.0,3452.0,12.0,800000.0,15.0,39,-1
0.0,1.0,0.0,1.0,1.0,1.0,0.0,0.0,6315.0,8143.0,5105.0,12.0,600000.0,4.0,33,-1
1.0,1.0,1.0,1.0,1.0,1.0,0.0,0.0,2623.0,8783.0,2069.0,12.0,2000000.0,8.0,9,-1
1.0,1.0,1.0,1.0,1.0,0.0,0.0,1.0,4053.0,8686.0,2885.0,12.0,5000000.0,3.0,5,0
1.0,1.0,1.0,1.0,1.0,1.0,0.0,0.0,2723.0,9957.0,1077.0,9.0,950000.0,12.0,55,-1
0.0,0.0,1.0,1.0,1.0,0.0,0.0,1.0,4120.0,13706.0,2942.0,6.0,500000.0,5.0,74,-1
0.0,1.0,0.0,1.0,1.0,0.0,0.0,0.0,3036.0,9008.0,2020.0,9.0,600000.0,37.0,64,-1
1.0,1.0,1.0,1.0,1.0,0.0,0.0,1.0,2622.0,8780.0,2071.0,12.0,1700000.0,8.0,21,-1
0.0,0.0,0.0,0.0,0.0,0.0,0.0,1.0,4057.0,13325.0,2498.0,7.5,400000.0,18.0,7,1
0.0,1.0,0.0,1.0,1.0,0.0,0.0,1.0,519.0,10398.0,1894.0,12.0,550000.0,1.0,31,1
0.0,0.0,0.0,0.0,0.0,0.0,0.0,0.0,5545.0,15581.0,5694.0,12.0,500000.0,4.0,6,-1
1.0,1.0,1.0,1.0,1.0,1.0,0.0,0.0,2119.0,9194.0,1635.0,16.25,1500000.0,29.0,16,1
1.0,1.0,0.0,1.0,1.0,1.0,0.0,1.0,4466.0,5582.0,5475.0,48.0,3500000.0,2.0,2,0
0.0,0.0,0.0,1.0,0.0,0.0,0.0,0.0,2480.0,11774.0,1090.0,9.0,450000.0,2.0,86,0
1.0,1.0,1.0,1.0,1.0,0.0,0.0,1.0,1568.0,8864.0,3693.0,12.0,1750000.0,7.0,2,-1
0.0,1.0,0.0,0.0,0.0,0.0,0.0,1.0,4659.0,12667.0,6675.0,7.5,700000.0,9.0,11,-1
0.0,1.0,1.0,1.0,1.0,0.0,0.0,1.0,1930.0,8216.0,3699.0,12.0,1000000.0,3.0,19,-1
0.0,0.0,0.0,0.0,0.0,0.0,0.0,0.0,4298.0,7096.0,3986.0,9.0,450000.0,20.0,145,0
0.0,1.0,1.0,1.0,1.0,0.0,0.0,1.0,775.0,9315.0,2398.0,10.0,750000.0,25.0,24,-1
1.0,1.0,0.0,1.0,1.0,0.0,0.0,1.0,9533.0,803.0,10190.0,15.0,1200000.0,7.0,3,-1
1.0,1.0,1.0,1.0,1.0,0.0,0.0,1.0,2156.0,9113.0,1715.0,13.5,1500000.0,5.0,28,-1
0.0,0.0,0.0,1.0,1.0,0.0,0.0,1.0,998.0,10530.0,1383.0,7.5,400000.0,20.0,76,-1
0.0,0.0,0.0,1.0,1.0,0.0,0.0,1.0,1895.0,8574.0,2390.0,9.0,550000.0,13.0,34,-1
0.0,1.0,0.0,0.0,0.0,0.0,0.0,0.0,7603.0,16737.0,8821.0,9.0,400000.0,4.0,4,-1
0.0,1.0,1.0,1.0,1.0,0.0,0.0,1.0,3365.0,12736.0,1947.0,18.0,750000.0,8.0,104,1
0.0,0.0,1.0,1.0,1.0,0.0,0.0,1.0,3807.0,13802.0,3545.0,9.0,500000.0,1.0,85,-1
0.0,1.0,1.0,1.0,0.0,0.0,0.0,1.0,1694.0,8391.0,3406.0,12.0,650000.0,10.0,59,1
0.0,1.0,0.0,0.0,0.0,0.0,0.0,0.0,6843.0,7444.0,5844.0,20.0,700000.0,5.0,24,1
0.0,0.0,0.0,0.0,0.0,0.0,0.0,1.0,6816.0,16049.0,8030.0,15.0,334000.0,8.0,11,-1
0.0,1.0,0.0,0.0,0.0,0.0,0.0,0.0,4432.0,9231.0,6745.0,12.25,600000.0,12.0,27,-1
0.0,0.0,0.0,0.0,0.0,0.0,0.0,0.0,4176.0,8160.0,3275.0,9.0,334000.0,16.0,51,-1
0.0,1.0,1.0,1.0,1.0,0.0,0.0,0.0,3214.0,7290.0,5027.0,9.0,700000.0,4.0,44,1
0.0,1.0,0.0,0.0,0.0,1.0,0.0,0.0,3523.0,10140.0,1609.0,7.3125,550000.0,4.0,21,-1
1.0,1.0,1.0,1.0,1.0,1.0,0.0,1.0,1868.0,9242.0,4159.0,14.0,1500000.0,16.0,43,1
1.0,1.0,1.0,0.0,0.0,1.0,0.0,0.0,4159.0,6374.0,4461.0,12.0,1200000.0,32.0,157,1
0.0,0.0,0.0,0.0,0.0,1.0,0.0,1.0,2416.0,10798.0,4642.0,9.0,450000.0,4.0,24,-1
1.0,1.0,1.0,1.0,1.0,1.0,0.0,1.0,9066.0,1072.0,9773.0,9.0,1200000.0,15.0,3,-1
1.0,1.0,1.0,1.0,1.0,1.0,0.0,1.0,2192.0,7939.0,3869.0,12.0,1200000.0,4.0,14,-1
0.0,0.0,1.0,0.0,0.0,1.0,0.0,1.0,7241.0,16825.0,8119.0,15.0,350000.0,7.0,12,1
0.0,0.0,1.0,1.0,1.0,0.0,0.0,1.0,8579.0,1470.0,9381.0,9.0,500000.0,13.0,4,-1
0.0,0.0,0.0,1.0,1.0,1.0,0.0,1.0,1886.0,9555.0,4215.0,9.0,500000.0,6.0,43,-1
1.0,1.0,1.0,1.0,1.0,1.0,0.0,1.0,3723.0,6647.0,5356.0,15.0,1500000.0,3.0,20,-1
0.0,0.0,1.0,0.0,0.0,0.0,0.0,0.0,3811.0,13802.0,3531.0,9.0,500000.0,1.0,93,-1
0.0,0.0,0.0,0.0,0.0,0.0,0.0,0.0,3415.0,6634.0,4597.0,9.0,350000.0,1.0,17,-1
0.0,0.0,1.0,0.0,0.0,0.0,0.0,1.0,4121.0,9511.0,2495.0,7.5,500000.0,6.0,16,1
1.0,1.0,1.0,1.0,1.0,1.0,0.0,0.0,2473.0,8021.0,4428.0,12.0,1300000.0,22.0,36,-1
1.0,1.0,1.0,1.0,1.0,0.0,0.0,0.0,3399.0,13226.0,2719.0,15.0,1700000.0,10.0,40,-1
1.0,1.0,1.0,1.0,1.0,1.0,0.0,1.0,1167.0,8891.0,2954.0,16.0,2100000.0,6.0,61,0
0.0,0.0,1.0,1.0,1.0,0.0,0.0,0.0,3750.0,10086.0,1855.0,9.0,550000.0,13.0,20,-1
0.0,0.0,0.0,1.0,1.0,0.0,0.0,1.0,1553.0,9178.0,3805.0,7.5,500000.0,9.0,9,1
0.0,0.0,1.0,0.0,0.0,1.0,0.0,1.0,1254.0,8891.0,2494.0,12.0,500000.0,7.0,50,1
0.0,0.0,0.0,0.0,1.0,0.0,0.0,0.0,2339.0,7709.0,3645.0,12.0,450000.0,12.0,22,1
0.0,1.0,1.0,0.0,0.0,0.0,0.0,1.0,6783.0,15738.0,8179.0,16.0,600000.0,13.0,6,-1
0.0,1.0,1.0,0.0,1.0,0.0,0.0,0.0,2766.0,11315.0,533.0,12.0,700000.0,9.0,157,-1
0.0,1.0,1.0,1.0,1.0,0.0,0.0,1.0,6295.0,15761.0,7371.0,9.0,600000.0,4.0,49,-1
0.0,1.0,0.0,0.0,1.0,1.0,0.0,1.0,48675.0,55105.0,46517.0,12.0,2000000.0,3.0,1,0
0.0,0.0,0.0,0.0,0.0,0.0,0.0,0.0,6963.0,3191.0,7635.0,12.0,600000.0,1.0,2,1
1.0,0.0,0.0,1.0,1.0,1.0,0.0,1.0,4582.0,10620.0,2491.0,24.0,750000.0,7.0,27,-1
0.0,1.0,0.0,1.0,1.0,0.0,0.0,0.0,3673.0,6378.0,4722.0,13.5,500000.0,4.0,40,1
0.0,0.0,0.0,1.0,1.0,0.0,0.0,0.0,1673.0,9267.0,3958.0,6.0,370000.0,6.0,9,-1
1.0,1.0,1.0,1.0,1.0,1.0,1.0,1.0,5234.0,14832.0,4033.0,9.0,1500000.0,1.0,11,1
0.0,1.0,0.0,1.0,1.0,1.0,0.0,0.0,3862.0,6385.0,4469.0,12.0,700000.0,6.0,18,-1
0.0,1.0,1.0,1.0,1.0,0.0,0.0,1.0,4089.0,8159.0,3216.0,15.0,850000.0,14.0,59,-1
1.0,1.0,1.0,1.0,1.0,1.0,0.0,1.0,2899.0,8405.0,5079.0,9.0,1500000.0,15.0,23,-1
1.0,1.0,1.0,1.0,1.0,1.0,0.0,1.0,2255.0,8076.0,2877.0,12.0,2000000.0,7.0,1,0
0.0,0.0,0.0,1.0,1.0,0.0,0.0,0.0,5290.0,14754.0,3930.0,9.0,300000.0,5.0,35,-1
0.0,0.0,0.0,0.0,0.0,0.0,0.0,1.0,1927.0,9243.0,4220.0,9.0,350000.0,8.0,4,1
1.0,1.0,1.0,1.0,1.0,1.0,0.0,0.0,5651.0,10730.0,3598.0,12.0,1750000.0,2.0,5,0
0.0,1.0,0.0,1.0,1.0,1.0,0.0,0.0,2355.0,8571.0,2259.0,12.0,900000.0,9.0,27,0
0.0,1.0,1.0,1.0,1.0,1.0,0.0,0.0,10216.0,279.0,11037.0,14.0,920000.0,5.0,3,-1
0.0,1.0,1.0,1.0,1.0,0.0,0.0,0.0,2713.0,12712.0,3552.0,26.0,4500000.0,10.0,14,0
0.0,0.0,0.0,0.0,0.0,0.0,0.0,0.0,2315.0,12200.0,3583.0,28.0,600000.0,2.0,16,-1
0.0,0.0,0.0,1.0,1.0,0.0,0.0,0.0,1295.0,9095.0,3463.0,9.0,600000.0,5.0,3,-1
1.0,1.0,1.0,0.0,0.0,0.0,0.0,1.0,771.0,10766.0,1990.0,12.0,800000.0,2.0,68,0
0.0,0.0,0.0,0.0,0.0,0.0,0.0,0.0,7259.0,16607.0,5794.0,6.0,1000000.0,2.0,5,0
0.0,0.0,0.0,0.0,0.0,0.0,0.0,0.0,5061.0,8824.0,3669.0,9.0,350000.0,10.0,8,1
0.0,1.0,0.0,0.0,0.0,0.0,0.0,0.0,9877.0,487.0,10755.0,9.0,525000.0,17.0,1,-1
0.0,1.0,0.0,0.0,0.0,0.0,0.0,1.0,5975.0,4202.0,6626.0,12.0,550000.0,8.0,77,-1
0.0,1.0,0.0,0.0,0.0,0.0,0.0,0.0,7673.0,16373.0,5804.0,9.0,350000.0,8.0,27,-1
1.0,1.0,1.0,1.0,1.0,1.0,0.0,1.0,1965.0,8993.0,4209.0,30.0,3000000.0,1.0,3,0
1.0,1.0,1.0,1.0,1.0,1.0,0.0,1.0,8485.0,7401.0,10564.0,25.0,1500000.0,5.0,21,1
0.0,1.0,1.0,1.0,1.0,0.0,0.0,0.0,1625.0,8496.0,2787.0,9.0,950000.0,1.0,11,-1
0.0,0.0,0.0,1.0,1.0,1.0,0.0,1.0,7499.0,8383.0,9707.0,17.5,600000.0,1.0,5,-1
1.0,1.0,0.0,1.0,1.0,1.0,0.0,0.0,2869.0,12763.0,2465.0,16.0,2000000.0,2.0,3,0
1.0,1.0,1.0,1.0,1.0,0.0,0.0,1.0,2600.0,7801.0,3081.0,13.5,1100000.0,16.0,69,-1
0.0,1.0,1.0,1.0,1.0,1.0,0.0,0.0,10214.0,287.0,11038.0,10.5,750000.0,26.0,1,-1
0.0,1.0,0.0,0.0,0.0,1.0,0.0,0.0,2522.0,9326.0,1549.0,9.0,400000.0,12.0,69,1
1.0,1.0,1.0,1.0,1.0,1.0,0.0,1.0,1965.0,8993.0,4209.0,20.0,2500000.0,2.0,10,0
1.0,1.0,1.0,1.0,1.0,0.0,0.0,0.0,1575.0,8706.0,3593.0,24.0,2400000.0,10.0,2,0
0.0,1.0,0.0,0.0,0.0,1.0,0.0,1.0,6305.0,8196.0,5077.0,15.0,700000.0,1.0,24,1
0.0,0.0,0.0,0.0,0.0,0.0,0.0,1.0,1061.0,9359.0,3302.0,9.0,500000.0,6.0,8,1
0.0,1.0,1.0,0.0,1.0,0.0,0.0,0.0,2994.0,12233.0,1439.0,9.0,650000.0,10.0,56,-1
0.0,1.0,1.0,1.0,1.0,0.0,0.0,0.0,2907.0,7512.0,3342.0,9.0,900000.0,9.0,21,1
0.0,1.0,0.0,1.0,1.0,0.0,0.0,0.0,5271.0,7024.0,7305.0,9.0,500000.0,6.0,45,-1
0.0,1.0,0.0,0.0,0.0,0.0,0.0,0.0,6914.0,16165.0,5366.0,20.0,800000.0,3.0,29,0
0.0,1.0,0.0,0.0,0.0,1.0,0.0,1.0,2780.0,10780.0,506.0,9.0,700000.0,10.0,64,1
0.0,1.0,0.0,0.0,0.0,1.0,0.0,0.0,6938.0,16039.0,8231.0,21.0,700000.0,9.0,9,-1
0.0,0.0,0.0,0.0,0.0,0.0,0.0,0.0,3638.0,11020.0,1357.0,9.0,400000.0,26.0,24,-1
1.0,1.0,1.0,0.0,1.0,0.0,0.0,1.0,3606.0,8617.0,2620.0,9.0,3900000.0,8.0,3,1
0.0,1.0,0.0,1.0,0.0,1.0,0.0,0.0,9862.0,237.0,10675.0,9.0,700000.0,40.0,3,-1
0.0,0.0,0.0,1.0,1.0,0.0,0.0,1.0,2225.0,12253.0,2551.0,9.0,500000.0,6.0,38,-1
1.0,1.0,1.0,1.0,1.0,1.0,0.0,1.0,1489.0,8566.0,3146.0,20.0,2000000.0,34.0,5,0
1.0,1.0,1.0,1.0,1.0,0.0,0.0,1.0,1186.0,8863.0,2885.0,9.0,2000000.0,3.0,1,1
0.0,0.0,0.0,1.0,1.0,0.0,0.0,1.0,2215.0,11044.0,337.0,12.0,1000000.0,4.0,2,-1
0.0,1.0,0.0,0.0,0.0,0.0,0.0,1.0,3191.0,11770.0,1027.0,12.0,600000.0,24.0,66,-1
0.0,0.0,0.0,1.0,0.0,0.0,0.0,1.0,3763.0,13191.0,2394.0,12.0,350000.0,22.0,71,-1
0.0,1.0,1.0,1.0,1.0,0.0,0.0,1.0,1364.0,8858.0,3388.0,10.0,800000.0,20.0,62,-1
0.0,1.0,0.0,0.0,0.0,1.0,0.0,0.0,3573.0,9782.0,5910.0,9.0,600000.0,11.0,4,-1
0.0,0.0,0.0,0.0,0.0,1.0,0.0,1.0,2907.0,12190.0,1416.0,9.0,500000.0,5.0,27,1
0.0,0.0,0.0,0.0,0.0,0.0,0.0,1.0,1524.0,9904.0,3860.0,9.0,400000.0,5.0,30,-1
0.0,1.0,0.0,0.0,0.0,0.0,0.0,0.0,6736.0,15548.0,8216.0,9.0,600000.0,9.0,4,0
0.0,0.0,1.0,0.0,0.0,0.0,0.0,0.0,4241.0,7995.0,3413.0,9.0,340000.0,7.0,6,-1
1.0,1.0,1.0,1.0,1.0,0.0,0.0,1.0,1799.0,8497.0,2568.0,12.0,1550000.0,5.0,43,1
0.0,1.0,0.0,1.0,1.0,1.0,0.0,1.0,6325.0,15994.0,5196.0,16.0,800000.0,4.0,33,1
0.0,0.0,0.0,0.0,0.0,1.0,0.0,0.0,1028.0,9113.0,2383.0,9.0,400000.0,16.0,25,1
0.0,1.0,0.0,1.0,1.0,1.0,0.0,1.0,3600.0,11637.0,1279.0,9.0,800000.0,12.0,21,-1
0.0,0.0,0.0,0.0,0.0,0.0,0.0,0.0,1728.0,9590.0,1307.0,12.0,600000.0,4.0,15,1
0.0,0.0,0.0,1.0,1.0,0.0,0.0,1.0,5440.0,14707.0,3888.0,12.0,350000.0,7.0,72,1
0.0,0.0,0.0,0.0,1.0,1.0,0.0,0.0,1719.0,9366.0,4024.0,9.0,500000.0,1.0,24,-1
0.0,1.0,1.0,1.0,1.0,1.0,0.0,1.0,4520.0,5714.0,5123.0,12.0,700000.0,8.0,80,-1
1.0,1.0,1.0,0.0,1.0,1.0,0.0,1.0,1972.0,8545.0,4050.0,20.0,2000000.0,18.0,7,-1
0.0,0.0,1.0,1.0,1.0,0.0,0.0,1.0,3807.0,13802.0,3545.0,7.5,450000.0,5.0,6,-1
1.0,1.0,1.0,1.0,1.0,1.0,0.0,0.0,2338.0,8412.0,2431.0,12.0,1950000.0,22.0,23,-1
1.0,1.0,1.0,1.0,1.0,0.0,0.0,0.0,2678.0,10049.0,970.0,16.0,3000000.0,54.0,2,0
1.0,1.0,1.0,1.0,1.0,1.0,0.0,0.0,3483.0,6645.0,4902.0,14.56,2250000.0,3.0,13,-1
1.0,1.0,1.0,1.0,1.0,1.0,0.0,0.0,1221.0,8848.0,2700.0,14.0,1850000.0,10.0,27,1
1.0,1.0,1.0,1.0,1.0,1.0,0.0,0.0,1522.0,8530.0,2988.0,14.0,2750000.0,8.0,15,-1
1.0,1.0,1.0,1.0,1.0,1.0,0.0,0.0,4176.0,7335.0,3772.0,12.0,1000000.0,5.0,12,-1
1.0,1.0,1.0,1.0,1.0,1.0,0.0,0.0,1253.0,8817.0,3057.0,15.0,1650000.0,8.0,13,-1
0.0,0.0,0.0,1.0,1.0,0.0,0.0,0.0,1859.0,11249.0,3816.0,9.0,500000.0,7.0,19,1
1.0,1.0,1.0,1.0,1.0,1.0,0.0,1.0,2401.0,8627.0,2200.0,25.0,1000000.0,1.0,27,1
0.0,0.0,1.0,0.0,0.0,1.0,0.0,1.0,3518.0,12573.0,5277.0,9.0,750000.0,24.0,155,0
0.0,0.0,0.0,0.0,0.0,0.0,0.0,0.0,8834.0,8884.0,7459.0,9.0,550000.0,4.0,1,-1
1.0,0.0,1.0,1.0,1.0,1.0,0.0,1.0,1883.0,8562.0,2415.0,20.0,1800000.0,5.0,4,-1
0.0,0.0,1.0,0.0,1.0,1.0,0.0,1.0,7802.0,13242.0,5499.0,12.0,500000.0,13.0,69,0
1.0,1.0,1.0,1.0,1.0,1.0,0.0,1.0,3353.0,8467.0,2584.0,12.0,2000000.0,32.0,121,0
0.0,0.0,1.0,1.0,1.0,0.0,0.0,0.0,1444.0,9855.0,3782.0,12.0,650000.0,5.0,100,1
0.0,1.0,1.0,1.0,1.0,1.0,0.0,0.0,32630.0,36830.0,30298.0,6.0,500000.0,10.0,18,-1
0.0,1.0,0.0,0.0,0.0,0.0,0.0,0.0,6174.0,14438.0,7948.0,18.0,500000.0,3.0,26,-1
0.0,1.0,1.0,1.0,1.0,1.0,0.0,0.0,5274.0,8227.0,4115.0,20.0,1000000.0,40.0,87,-1
0.0,0.0,1.0,1.0,1.0,1.0,0.0,0.0,1123.0,9129.0,3245.0,8.1,1150000.0,8.0,1,-1
0.0,0.0,1.0,0.0,0.0,1.0,0.0,1.0,4719.0,14070.0,3243.0,8.01,342500.0,9.0,39,1
0.0,1.0,0.0,0.0,0.0,0.0,0.0,0.0,2828.0,11200.0,516.0,8.0,340000.0,8.0,18,-1
0.0,1.0,0.0,1.0,1.0,0.0,0.0,1.0,1707.0,8609.0,3719.0,9.0,900000.0,35.0,2,1
0.0,0.0,0.0,1.0,1.0,0.0,0.0,0.0,972.0,10750.0,2974.0,6.25,400000.0,3.0,33,1
0.0,0.0,1.0,1.0,1.0,1.0,0.0,0.0,1485.0,8565.0,2987.0,25.0,850000.0,36.0,15,1
1.0,1.0,0.0,0.0,0.0,1.0,0.0,0.0,4244.0,6103.0,4724.0,24.0,1300000.0,2.0,1,-1
1.0,1.0,1.0,1.0,1.0,1.0,0.0,0.0,4119.0,11279.0,1819.0,14.0,2000000.0,4.0,41,0
0.0,0.0,1.0,0.0,0.0,0.0,0.0,0.0,6360.0,15783.0,7467.0,9.0,450000.0,8.0,22,-1
0.0,0.0,0.0,0.0,0.0,0.0,0.0,1.0,9173.0,17738.0,10601.0,9.0,350000.0,3.0,24,0
1.0,1.0,1.0,1.0,1.0,1.0,0.0,1.0,5898.0,5519.0,5792.0,16.0,1600000.0,2.0,9,-1
1.0,1.0,0.0,1.0,1.0,0.0,0.0,0.0,3502.0,8702.0,2499.0,12.0,1800000.0,12.0,1,0
0.0,1.0,0.0,0.0,0.0,0.0,0.0,0.0,10662.0,698.0,11358.0,15.0,550000.0,5.0,2,0
0.0,1.0,0.0,0.0,0.0,1.0,0.0,1.0,5305.0,6605.0,7252.0,18.0,1000000.0,10.0,4,-1
0.0,1.0,0.0,0.0,0.0,0.0,0.0,1.0,3040.0,13088.0,3438.0,12.0,1000000.0,13.0,27,-1
1.0,1.0,1.0,1.0,1.0,1.0,0.0,1.0,2170.0,8159.0,2809.0,28.0,1700000.0,22.0,91,0
0.0,1.0,1.0,0.0,1.0,1.0,0.0,1.0,9014.0,1535.0,9562.0,12.0,850000.0,38.0,116,-1
1.0,1.0,0.0,0.0,0.0,0.0,0.0,1.0,2228.0,9357.0,1471.0,12.0,1200000.0,4.0,13,-1
0.0,0.0,0.0,0.0,0.0,0.0,0.0,1.0,2707.0,11233.0,451.0,7.5,350000.0,24.0,62,1
0.0,0.0,0.0,0.0,0.0,0.0,0.0,1.0,4054.0,13324.0,2497.0,7.5,300000.0,18.0,32,1
0.0,0.0,0.0,1.0,1.0,0.0,0.0,0.0,5236.0,15283.0,5306.0,9.0,400000.0,18.0,76,-1
1.0,1.0,0.0,1.0,1.0,1.0,0.0,0.0,4286.0,7953.0,3468.0,12.0,1600000.0,16.0,3,1
0.0,0.0,0.0,1.0,1.0,0.0,0.0,0.0,2156.0,10308.0,519.0,12.0,750000.0,20.0,17,-1
0.0,1.0,0.0,0.0,1.0,1.0,0.0,1.0,5629.0,15676.0,5507.0,12.0,800000.0,4.0,30,1
0.0,0.0,1.0,1.0,1.0,0.0,0.0,0.0,3391.0,12914.0,2176.0,12.0,1500000.0,8.0,2,-1
1.0,1.0,1.0,1.0,1.0,1.0,0.0,0.0,10198.0,442.0,10885.0,12.0,1250000.0,12.0,12,-1
1.0,0.0,1.0,1.0,1.0,1.0,0.0,0.0,3181.0,10153.0,1284.0,16.0,2250000.0,2.0,3,-1
0.0,0.0,1.0,1.0,1.0,0.0,0.0,1.0,4092.0,12576.0,1959.0,9.0,625000.0,1.0,61,1
1.0,1.0,1.0,1.0,1.0,1.0,0.0,0.0,2060.0,7997.0,3337.0,10.5,1750000.0,34.0,19,1
0.0,0.0,0.0,1.0,1.0,0.0,0.0,0.0,4083.0,13455.0,2636.0,6.0,500000.0,2.0,6,-1
0.0,1.0,1.0,0.0,0.0,0.0,0.0,0.0,1095.0,9261.0,2053.0,12.0,545000.0,1.0,14,-1
0.0,1.0,0.0,0.0,1.0,1.0,0.0,1.0,4580.0,5921.0,4919.0,20.0,850000.0,4.0,4,0
1.0,1.0,0.0,1.0,1.0,1.0,0.0,1.0,3240.0,11533.0,948.0,15.0,1075000.0,25.0,28,-1
1.0,1.0,1.0,1.0,1.0,1.0,0.0,1.0,1489.0,8566.0,3146.0,9.0,1300000.0,34.0,225,0
0.0,0.0,0.0,0.0,0.0,0.0,0.0,0.0,3585.0,12700.0,1873.0,9.0,450000.0,20.0,61,1
0.0,1.0,0.0,0.0,0.0,1.0,0.0,1.0,6988.0,7676.0,5908.0,16.0,750000.0,14.0,6,-1
0.0,0.0,1.0,1.0,1.0,0.0,0.0,0.0,2999.0,12238.0,1444.0,12.0,650000.0,10.0,15,-1
1.0,1.0,1.0,0.0,1.0,1.0,0.0,1.0,4543.0,9367.0,6863.0,9.0,2250000.0,12.0,42,0
0.0,1.0,0.0,0.0,0.0,1.0,0.0,1.0,4683.0,9239.0,6996.0,12.0,650000.0,6.0,3,-1
0.0,1.0,1.0,1.0,1.0,0.0,0.0,1.0,1353.0,9288.0,3614.0,9.0,800000.0,10.0,26,-1
0.0,1.0,0.0,1.0,1.0,1.0,0.0,0.0,5483.0,14174.0,7147.0,15.0,600000.0,2.0,33,-1
1.0,1.0,0.0,1.0,1.0,1.0,0.0,0.0,1384.0,10538.0,960.0,9.0,1800000.0,4.0,23,1
0.0,1.0,0.0,1.0,1.0,1.0,0.0,1.0,3554.0,8273.0,5748.0,12.0,750000.0,2.0,43,0
0.0,0.0,0.0,1.0,1.0,0.0,0.0,0.0,2512.0,12561.0,3033.0,22.5,450000.0,5.0,5,-1
0.0,0.0,1.0,0.0,0.0,0.0,0.0,1.0,3859.0,8905.0,2612.0,9.0,1350000.0,10.0,3,1
0.0,0.0,0.0,0.0,0.0,0.0,0.0,0.0,5824.0,14888.0,4118.0,30.0,525000.0,11.0,7,1
0.0,0.0,0.0,0.0,0.0,0.0,0.0,0.0,4011.0,6054.0,4952.0,12.0,300000.0,33.0,57,1
0.0,0.0,1.0,1.0,1.0,1.0,0.0,1.0,4965.0,10366.0,2978.0,10.5,1050000.0,2.0,19,1
0.0,0.0,1.0,1.0,1.0,0.0,0.0,1.0,1932.0,8146.0,3135.0,7.5,570000.0,16.0,148,-1
1.0,1.0,1.0,1.0,1.0,1.0,0.0,1.0,1593.0,8516.0,3391.0,17.5,2750000.0,37.0,65,0
0.0,1.0,0.0,0.0,0.0,0.0,0.0,0.0,6735.0,15889.0,8011.0,9.0,450000.0,8.0,34,1
1.0,1.0,1.0,1.0,1.0,1.0,0.0,1.0,2014.0,8382.0,2584.0,14.0,1500000.0,10.0,43,-1
0.0,1.0,0.0,1.0,1.0,1.0,0.0,1.0,7924.0,8585.0,6582.0,12.0,600000.0,7.0,84,0
1.0,1.0,0.0,0.0,0.0,0.0,0.0,1.0,1437.0,10817.0,1029.0,9.0,1000000.0,4.0,27,1
0.0,0.0,0.0,1.0,1.0,0.0,0.0,0.0,1981.0,9519.0,1317.0,7.5,450000.0,13.0,12,-1
0.0,1.0,0.0,1.0,1.0,0.0,0.0,1.0,3805.0,8886.0,6092.0,16.0,700000.0,6.0,78,1
0.0,1.0,0.0,1.0,1.0,0.0,0.0,0.0,6302.0,3749.0,7168.0,9.0,900000.0,5.0,17,-1
0.0,1.0,0.0,1.0,1.0,0.0,0.0,1.0,4612.0,8865.0,6898.0,12.0,600000.0,2.0,34,-1
1.0,1.0,1.0,1.0,1.0,1.0,0.0,0.0,2705.0,8783.0,2087.0,9.0,2000000.0,2.0,36,0
0.0,1.0,1.0,0.0,0.0,0.0,0.0,0.0,6976.0,7715.0,5884.0,20.0,650000.0,9.0,11,1
0.0,0.0,1.0,1.0,1.0,0.0,0.0,1.0,2779.0,12741.0,2606.0,9.0,800000.0,13.0,54,-1
0.0,0.0,0.0,1.0,1.0,0.0,0.0,0.0,13038.0,3004.0,13819.0,6.0,450000.0,3.0,21,-1
0.0,1.0,1.0,1.0,1.0,0.0,0.0,0.0,5226.0,14173.0,6789.0,12.0,650000.0,6.0,9,1
0.0,0.0,1.0,1.0,1.0,0.0,0.0,1.0,2255.0,9345.0,1485.0,12.0,400000.0,5.0,303,-1
0.0,1.0,0.0,1.0,1.0,0.0,0.0,1.0,7658.0,7540.0,6607.0,12.0,500000.0,5.0,63,1
0.0,1.0,1.0,1.0,1.0,0.0,0.0,0.0,2081.0,10496.0,360.0,12.0,550000.0,30.0,68,-1
0.0,0.0,0.0,0.0,1.0,0.0,0.0,1.0,2132.0,8517.0,4239.0,9.0,600000.0,4.0,8,1
0.0,0.0,0.0,0.0,0.0,0.0,0.0,1.0,4242.0,9888.0,2428.0,12.0,375000.0,1.0,16,1
1.0,1.0,1.0,1.0,1.0,1.0,0.0,0.0,1128.0,8921.0,2861.0,24.0,1600000.0,7.0,32,-1
0.0,0.0,0.0,1.0,1.0,0.0,0.0,1.0,7431.0,5256.0,7095.0,7.5,450000.0,10.0,9,-1
0.0,0.0,0.0,1.0,1.0,0.0,0.0,1.0,10365.0,443.0,11071.0,9.0,650000.0,25.0,2,-1
1.0,1.0,1.0,1.0,1.0,1.0,0.0,0.0,2165.0,7934.0,3787.0,9.0,1350000.0,2.0,13,-1
1.0,1.0,1.0,1.0,1.0,1.0,0.0,0.0,2845.0,8760.0,2146.0,24.0,2000000.0,45.0,9,0
0.0,1.0,0.0,0.0,0.0,1.0,0.0,0.0,7903.0,5290.0,7508.0,16.0,450000.0,9.0,16,-1
0.0,0.0,0.0,1.0,1.0,0.0,0.0,0.0,3931.0,13087.0,2261.0,9.0,417000.0,40.0,8,-1
1.0,1.0,1.0,1.0,1.0,1.0,0.0,1.0,5269.0,9625.0,3551.0,14.0,850000.0,7.0,51,-1
1.0,1.0,1.0,1.0,1.0,1.0,0.0,1.0,2692.0,9208.0,1709.0,12.0,1750000.0,27.0,57,0
